datetime	platform	gsd	ard_metadata_version	catalog_id	utm_zone	quadkey	view:off_nadir	view:azimuth	view:incidence_angle	view:sun_azimuth	view:sun_elevation	proj:epsg	grid:code	proj:bbox	tile:data_area	tile:clouds_area	tile:clouds_percent	visual	ms_analytic	pan_analytic	data-mask	proj:code
2024-05-23 07:18:23+00:00	WV02	0.55	0.0.1	10300100FB783900	38	211311011032	23.6	38.4	63.4	38.8	48.6	32738.0	MXRA-Z38-211311011032	309843.75,8701062.896650597,314291.924421852,8705156.25	18.0	0.0	0	https://maxar-opendata.s3.amazonaws.com/events/Cyclone-Chido-Dec15/ard/38/211311011032/2024-05-23/10300100FB783900-visual.tif	https://maxar-opendata.s3.amazonaws.com/events/Cyclone-Chido-Dec15/ard/38/211311011032/2024-05-23/10300100FB783900-ms.tif	https://maxar-opendata.s3.amazonaws.com/events/Cyclone-Chido-Dec15/ard/38/211311011032/2024-05-23/10300100FB783900-pan.tif	https://maxar-opendata.s3.amazonaws.com/events/Cyclone-Chido-Dec15/ard/38/211311011032/2024-05-23/10300100FB783900-data-mask.gpkg	
2024-05-23 07:18:51+00:00	WV02	0.49	0.0.1	10300100FCA98200	38	211311011021	14.1	64.5	74.1	38.8	48.7	32738.0	MXRA-Z38-211311011021	304947.20458984375,8704843.75,310156.25,8710156.25	27.5	0.0	0	https://maxar-opendata.s3.amazonaws.com/events/Cyclone-Chido-Dec15/ard/38/211311011021/2024-05-23/10300100FCA98200-visual.tif	https://maxar-opendata.s3.amazonaws.com/events/Cyclone-Chido-Dec15/ard/38/211311011021/2024-05-23/10300100FCA98200-ms.tif	https://maxar-opendata.s3.amazonaws.com/events/Cyclone-Chido-Dec15/ard/38/211311011021/2024-05-23/10300100FCA98200-pan.tif	https://maxar-opendata.s3.amazonaws.com/events/Cyclone-Chido-Dec15/ard/38/211311011021/2024-05-23/10300100FCA98200-data-mask.gpkg	
2024-05-23 07:18:51+00:00	WV02	0.49	0.0.1	10300100FCA98200	38	211311011023	14.1	64.0	74.1	38.8	48.7	32738.0	MXRA-Z38-211311011023	304979.55322265625,8701032.817583796,310156.25,8705156.25	21.2	0.0	0	https://maxar-opendata.s3.amazonaws.com/events/Cyclone-Chido-Dec15/ard/38/211311011023/2024-05-23/10300100FCA98200-visual.tif	https://maxar-opendata.s3.amazonaws.com/events/Cyclone-Chido-Dec15/ard/38/211311011023/2024-05-23/10300100FCA98200-ms.tif	https://maxar-opendata.s3.amazonaws.com/events/Cyclone-Chido-Dec15/ard/38/211311011023/2024-05-23/10300100FCA98200-pan.tif	https://maxar-opendata.s3.amazonaws.com/events/Cyclone-Chido-Dec15/ard/38/211311011023/2024-05-23/10300100FCA98200-data-mask.gpkg	
2024-05-23 07:18:51+00:00	WV02	0.49	0.0.1	10300100FCA98200	38	211311011030	13.8	63.9	74.4	38.8	48.7	32738.0	MXRA-Z38-211311011030	309843.75,8704843.75,314269.28047654644,8710156.25	23.4	0.5	2	https://maxar-opendata.s3.amazonaws.com/events/Cyclone-Chido-Dec15/ard/38/211311011030/2024-05-23/10300100FCA98200-visual.tif	https://maxar-opendata.s3.amazonaws.com/events/Cyclone-Chido-Dec15/ard/38/211311011030/2024-05-23/10300100FCA98200-ms.tif	https://maxar-opendata.s3.amazonaws.com/events/Cyclone-Chido-Dec15/ard/38/211311011030/2024-05-23/10300100FCA98200-pan.tif	https://maxar-opendata.s3.amazonaws.com/events/Cyclone-Chido-Dec15/ard/38/211311011030/2024-05-23/10300100FCA98200-data-mask.gpkg	
2024-05-23 07:18:51+00:00	WV02	0.49	0.0.1	10300100FCA98200	38	211311011032	13.8	63.4	74.4	38.8	48.7	32738.0	MXRA-Z38-211311011032	309843.75,8701062.896650597,314291.924421852,8705156.25	18.0	0.0	0	https://maxar-opendata.s3.amazonaws.com/events/Cyclone-Chido-Dec15/ard/38/211311011032/2024-05-23/10300100FCA98200-visual.tif	https://maxar-opendata.s3.amazonaws.com/events/Cyclone-Chido-Dec15/ard/38/211311011032/2024-05-23/10300100FCA98200-ms.tif	https://maxar-opendata.s3.amazonaws.com/events/Cyclone-Chido-Dec15/ard/38/211311011032/2024-05-23/10300100FCA98200-pan.tif	https://maxar-opendata.s3.amazonaws.com/events/Cyclone-Chido-Dec15/ard/38/211311011032/2024-05-23/10300100FCA98200-data-mask.gpkg	
2024-05-23 07:19:36+00:00	WV02	0.51	0.0.1	10300100FBCF0200	38	211311011021	16.9	152.5	70.9	38.5	48.8	32738.0	MXRA-Z38-211311011021	306181.640625,8704843.75,310156.25,8710156.25	21.0	0.0	0	https://maxar-opendata.s3.amazonaws.com/events/Cyclone-Chido-Dec15/ard/38/211311011021/2024-05-23/10300100FBCF0200-visual.tif	https://maxar-opendata.s3.amazonaws.com/events/Cyclone-Chido-Dec15/ard/38/211311011021/2024-05-23/10300100FBCF0200-ms.tif	https://maxar-opendata.s3.amazonaws.com/events/Cyclone-Chido-Dec15/ard/38/211311011021/2024-05-23/10300100FBCF0200-pan.tif	https://maxar-opendata.s3.amazonaws.com/events/Cyclone-Chido-Dec15/ard/38/211311011021/2024-05-23/10300100FBCF0200-data-mask.gpkg	
2024-05-23 07:19:36+00:00	WV02	0.51	0.0.1	10300100FBCF0200	38	211311011023	16.8	152.5	71.1	38.5	48.8	32738.0	MXRA-Z38-211311011023	306221.00830078125,8701040.566057466,310156.25,8705156.25	16.0	0.0	0	https://maxar-opendata.s3.amazonaws.com/events/Cyclone-Chido-Dec15/ard/38/211311011023/2024-05-23/10300100FBCF0200-visual.tif	https://maxar-opendata.s3.amazonaws.com/events/Cyclone-Chido-Dec15/ard/38/211311011023/2024-05-23/10300100FBCF0200-ms.tif	https://maxar-opendata.s3.amazonaws.com/events/Cyclone-Chido-Dec15/ard/38/211311011023/2024-05-23/10300100FBCF0200-pan.tif	https://maxar-opendata.s3.amazonaws.com/events/Cyclone-Chido-Dec15/ard/38/211311011023/2024-05-23/10300100FBCF0200-data-mask.gpkg	
2024-05-23 07:19:36+00:00	WV02	0.51	0.0.1	10300100FBCF0200	38	211311011030	16.8	153.4	71.1	38.5	48.8	32738.0	MXRA-Z38-211311011030	309843.75,8704843.75,314269.28047654644,8710156.25	23.4	0.0	0	https://maxar-opendata.s3.amazonaws.com/events/Cyclone-Chido-Dec15/ard/38/211311011030/2024-05-23/10300100FBCF0200-visual.tif	https://maxar-opendata.s3.amazonaws.com/events/Cyclone-Chido-Dec15/ard/38/211311011030/2024-05-23/10300100FBCF0200-ms.tif	https://maxar-opendata.s3.amazonaws.com/events/Cyclone-Chido-Dec15/ard/38/211311011030/2024-05-23/10300100FBCF0200-pan.tif	https://maxar-opendata.s3.amazonaws.com/events/Cyclone-Chido-Dec15/ard/38/211311011030/2024-05-23/10300100FBCF0200-data-mask.gpkg	
2024-05-23 07:19:36+00:00	WV02	0.5	0.0.1	10300100FBCF0200	38	211311011032	16.7	153.3	71.2	38.5	48.8	32738.0	MXRA-Z38-211311011032	309843.75,8701062.896650597,314291.924421852,8705156.25	18.0	0.0	0	https://maxar-opendata.s3.amazonaws.com/events/Cyclone-Chido-Dec15/ard/38/211311011032/2024-05-23/10300100FBCF0200-visual.tif	https://maxar-opendata.s3.amazonaws.com/events/Cyclone-Chido-Dec15/ard/38/211311011032/2024-05-23/10300100FBCF0200-ms.tif	https://maxar-opendata.s3.amazonaws.com/events/Cyclone-Chido-Dec15/ard/38/211311011032/2024-05-23/10300100FBCF0200-pan.tif	https://maxar-opendata.s3.amazonaws.com/events/Cyclone-Chido-Dec15/ard/38/211311011032/2024-05-23/10300100FBCF0200-data-mask.gpkg	
2024-06-04 07:08:09+00:00	GE01	0.49	0.0.1	105001003B734D00	38	211311112033	25.5	60.8	61.6	38.7	45.8	32738.0	MXRA-Z38-211311112033	434843.75,8659843.75,440156.25,8661653.502244039	9.5	0.3	3	https://maxar-opendata.s3.amazonaws.com/events/Cyclone-Chido-Dec15/ard/38/211311112033/2024-06-04/105001003B734D00-visual.tif	https://maxar-opendata.s3.amazonaws.com/events/Cyclone-Chido-Dec15/ard/38/211311112033/2024-06-04/105001003B734D00-ms.tif	https://maxar-opendata.s3.amazonaws.com/events/Cyclone-Chido-Dec15/ard/38/211311112033/2024-06-04/105001003B734D00-pan.tif	https://maxar-opendata.s3.amazonaws.com/events/Cyclone-Chido-Dec15/ard/38/211311112033/2024-06-04/105001003B734D00-data-mask.gpkg	
2024-06-04 07:08:10+00:00	GE01	0.49	0.0.1	105001003B734D00	38	211311112210	25.6	61.3	61.4	38.7	45.8	32738.0	MXRA-Z38-211311112210	429843.75,8654843.75,435156.25,8660156.25	28.2	0.0	0	https://maxar-opendata.s3.amazonaws.com/events/Cyclone-Chido-Dec15/ard/38/211311112210/2024-06-04/105001003B734D00-visual.tif	https://maxar-opendata.s3.amazonaws.com/events/Cyclone-Chido-Dec15/ard/38/211311112210/2024-06-04/105001003B734D00-ms.tif	https://maxar-opendata.s3.amazonaws.com/events/Cyclone-Chido-Dec15/ard/38/211311112210/2024-06-04/105001003B734D00-pan.tif	https://maxar-opendata.s3.amazonaws.com/events/Cyclone-Chido-Dec15/ard/38/211311112210/2024-06-04/105001003B734D00-data-mask.gpkg	
2024-06-04 07:08:10+00:00	GE01	0.49	0.0.1	105001003B734D00	38	211311112211	25.3	61.0	61.8	38.7	45.8	32738.0	MXRA-Z38-211311112211	434843.75,8654843.75,440156.25,8660156.25	28.2	0.6	2	https://maxar-opendata.s3.amazonaws.com/events/Cyclone-Chido-Dec15/ard/38/211311112211/2024-06-04/105001003B734D00-visual.tif	https://maxar-opendata.s3.amazonaws.com/events/Cyclone-Chido-Dec15/ard/38/211311112211/2024-06-04/105001003B734D00-ms.tif	https://maxar-opendata.s3.amazonaws.com/events/Cyclone-Chido-Dec15/ard/38/211311112211/2024-06-04/105001003B734D00-pan.tif	https://maxar-opendata.s3.amazonaws.com/events/Cyclone-Chido-Dec15/ard/38/211311112211/2024-06-04/105001003B734D00-data-mask.gpkg	
2024-06-04 07:08:11+00:00	GE01	0.49	0.0.1	105001003B734D00	38	211311112203	25.8	61.9	61.2	38.7	45.8	32738.0	MXRA-Z38-211311112203	428724.69559801166,8649843.75,430156.25,8655156.25	7.5	0.8	11	https://maxar-opendata.s3.amazonaws.com/events/Cyclone-Chido-Dec15/ard/38/211311112203/2024-06-04/105001003B734D00-visual.tif	https://maxar-opendata.s3.amazonaws.com/events/Cyclone-Chido-Dec15/ard/38/211311112203/2024-06-04/105001003B734D00-ms.tif	https://maxar-opendata.s3.amazonaws.com/events/Cyclone-Chido-Dec15/ard/38/211311112203/2024-06-04/105001003B734D00-pan.tif	https://maxar-opendata.s3.amazonaws.com/events/Cyclone-Chido-Dec15/ard/38/211311112203/2024-06-04/105001003B734D00-data-mask.gpkg	
2024-06-04 07:08:11+00:00	GE01	0.49	0.0.1	105001003B734D00	38	211311112212	25.5	61.5	61.6	38.7	45.8	32738.0	MXRA-Z38-211311112212	429843.75,8649843.75,435156.25,8655156.25	28.2	2.9	10	https://maxar-opendata.s3.amazonaws.com/events/Cyclone-Chido-Dec15/ard/38/211311112212/2024-06-04/105001003B734D00-visual.tif	https://maxar-opendata.s3.amazonaws.com/events/Cyclone-Chido-Dec15/ard/38/211311112212/2024-06-04/105001003B734D00-ms.tif	https://maxar-opendata.s3.amazonaws.com/events/Cyclone-Chido-Dec15/ard/38/211311112212/2024-06-04/105001003B734D00-pan.tif	https://maxar-opendata.s3.amazonaws.com/events/Cyclone-Chido-Dec15/ard/38/211311112212/2024-06-04/105001003B734D00-data-mask.gpkg	
2024-06-06 07:14:37+00:00	WV02	0.59	0.0.1	10300100FD45EF00	38	211311112033	28.1	27.1	58.1	36.9	46.6	32738.0	MXRA-Z38-211311112033	434843.75,8659843.75,440156.25,8661653.502244039	9.5	0.3	3	https://maxar-opendata.s3.amazonaws.com/events/Cyclone-Chido-Dec15/ard/38/211311112033/2024-06-06/10300100FD45EF00-visual.tif	https://maxar-opendata.s3.amazonaws.com/events/Cyclone-Chido-Dec15/ard/38/211311112033/2024-06-06/10300100FD45EF00-ms.tif	https://maxar-opendata.s3.amazonaws.com/events/Cyclone-Chido-Dec15/ard/38/211311112033/2024-06-06/10300100FD45EF00-pan.tif	https://maxar-opendata.s3.amazonaws.com/events/Cyclone-Chido-Dec15/ard/38/211311112033/2024-06-06/10300100FD45EF00-data-mask.gpkg	
2024-06-06 07:14:37+00:00	WV02	0.59	0.0.1	10300100FD45EF00	38	211311112122	28.0	26.5	58.2	36.9	46.6	32738.0	MXRA-Z38-211311112122	439843.75,8659843.75,440712.67790717736,8661654.716355693	1.5	0.0	0	https://maxar-opendata.s3.amazonaws.com/events/Cyclone-Chido-Dec15/ard/38/211311112122/2024-06-06/10300100FD45EF00-visual.tif	https://maxar-opendata.s3.amazonaws.com/events/Cyclone-Chido-Dec15/ard/38/211311112122/2024-06-06/10300100FD45EF00-ms.tif	https://maxar-opendata.s3.amazonaws.com/events/Cyclone-Chido-Dec15/ard/38/211311112122/2024-06-06/10300100FD45EF00-pan.tif	https://maxar-opendata.s3.amazonaws.com/events/Cyclone-Chido-Dec15/ard/38/211311112122/2024-06-06/10300100FD45EF00-data-mask.gpkg	
2024-06-06 07:14:38+00:00	WV02	0.59	0.0.1	10300100FD45EF00	38	211311112211	28.2	26.9	57.9	36.8	46.5	32738.0	MXRA-Z38-211311112211	434843.75,8654843.75,440156.25,8660156.25	28.2	0.6	2	https://maxar-opendata.s3.amazonaws.com/events/Cyclone-Chido-Dec15/ard/38/211311112211/2024-06-06/10300100FD45EF00-visual.tif	https://maxar-opendata.s3.amazonaws.com/events/Cyclone-Chido-Dec15/ard/38/211311112211/2024-06-06/10300100FD45EF00-ms.tif	https://maxar-opendata.s3.amazonaws.com/events/Cyclone-Chido-Dec15/ard/38/211311112211/2024-06-06/10300100FD45EF00-pan.tif	https://maxar-opendata.s3.amazonaws.com/events/Cyclone-Chido-Dec15/ard/38/211311112211/2024-06-06/10300100FD45EF00-data-mask.gpkg	
2024-06-06 07:14:38+00:00	WV02	0.59	0.0.1	10300100FD45EF00	38	211311112300	28.1	26.3	58.1	36.8	46.5	32738.0	MXRA-Z38-211311112300	439843.75,8654843.75,440722.693916491,8660156.25	4.6	0.0	0	https://maxar-opendata.s3.amazonaws.com/events/Cyclone-Chido-Dec15/ard/38/211311112300/2024-06-06/10300100FD45EF00-visual.tif	https://maxar-opendata.s3.amazonaws.com/events/Cyclone-Chido-Dec15/ard/38/211311112300/2024-06-06/10300100FD45EF00-ms.tif	https://maxar-opendata.s3.amazonaws.com/events/Cyclone-Chido-Dec15/ard/38/211311112300/2024-06-06/10300100FD45EF00-pan.tif	https://maxar-opendata.s3.amazonaws.com/events/Cyclone-Chido-Dec15/ard/38/211311112300/2024-06-06/10300100FD45EF00-data-mask.gpkg	
2024-06-06 07:14:38+00:00	WV02	0.59	0.0.1	10300100FD45EF00	38	211311112302	28.2	26.1	58.0	36.8	46.5	32738.0	MXRA-Z38-211311112302	439843.75,8649843.75,440732.7099258046,8655156.25	4.6	0.0	1	https://maxar-opendata.s3.amazonaws.com/events/Cyclone-Chido-Dec15/ard/38/211311112302/2024-06-06/10300100FD45EF00-visual.tif	https://maxar-opendata.s3.amazonaws.com/events/Cyclone-Chido-Dec15/ard/38/211311112302/2024-06-06/10300100FD45EF00-ms.tif	https://maxar-opendata.s3.amazonaws.com/events/Cyclone-Chido-Dec15/ard/38/211311112302/2024-06-06/10300100FD45EF00-pan.tif	https://maxar-opendata.s3.amazonaws.com/events/Cyclone-Chido-Dec15/ard/38/211311112302/2024-06-06/10300100FD45EF00-data-mask.gpkg	
2024-06-11 07:19:45+00:00	WV03	0.37	0.0.1	104001009713BA00	38	300200022102	25.7	359.3	61.6	34.4	46.8	32738.0	MXRA-Z38-300200022102	519843.75,8589843.75,522592.01298351376,8594636.186740633	13.1	0.0	0	https://maxar-opendata.s3.amazonaws.com/events/Cyclone-Chido-Dec15/ard/38/300200022102/2024-06-11/104001009713BA00-visual.tif	https://maxar-opendata.s3.amazonaws.com/events/Cyclone-Chido-Dec15/ard/38/300200022102/2024-06-11/104001009713BA00-ms.tif	https://maxar-opendata.s3.amazonaws.com/events/Cyclone-Chido-Dec15/ard/38/300200022102/2024-06-11/104001009713BA00-pan.tif	https://maxar-opendata.s3.amazonaws.com/events/Cyclone-Chido-Dec15/ard/38/300200022102/2024-06-11/104001009713BA00-data-mask.gpkg	
2024-06-11 07:19:46+00:00	WV03	0.37	0.0.1	104001009713BA00	38	300200022031	25.7	233.8	61.5	34.3	46.8	32738.0	MXRA-Z38-300200022031	518548.93281287584,8584843.75,520156.25,8590156.25	8.5	0.8	9	https://maxar-opendata.s3.amazonaws.com/events/Cyclone-Chido-Dec15/ard/38/300200022031/2024-06-11/104001009713BA00-visual.tif	https://maxar-opendata.s3.amazonaws.com/events/Cyclone-Chido-Dec15/ard/38/300200022031/2024-06-11/104001009713BA00-ms.tif	https://maxar-opendata.s3.amazonaws.com/events/Cyclone-Chido-Dec15/ard/38/300200022031/2024-06-11/104001009713BA00-pan.tif	https://maxar-opendata.s3.amazonaws.com/events/Cyclone-Chido-Dec15/ard/38/300200022031/2024-06-11/104001009713BA00-data-mask.gpkg	
2024-06-11 07:19:46+00:00	WV03	0.37	0.0.1	104001009713BA00	38	300200022120	25.8	359.1	61.5	34.3	46.8	32738.0	MXRA-Z38-300200022120	519843.75,8584843.75,522591.552734375,8590156.25	14.5	0.4	2	https://maxar-opendata.s3.amazonaws.com/events/Cyclone-Chido-Dec15/ard/38/300200022120/2024-06-11/104001009713BA00-visual.tif	https://maxar-opendata.s3.amazonaws.com/events/Cyclone-Chido-Dec15/ard/38/300200022120/2024-06-11/104001009713BA00-ms.tif	https://maxar-opendata.s3.amazonaws.com/events/Cyclone-Chido-Dec15/ard/38/300200022120/2024-06-11/104001009713BA00-pan.tif	https://maxar-opendata.s3.amazonaws.com/events/Cyclone-Chido-Dec15/ard/38/300200022120/2024-06-11/104001009713BA00-data-mask.gpkg	
2024-06-11 07:19:47+00:00	WV03	0.37	0.0.1	104001009713BA00	38	300200022300	25.9	358.8	61.4	34.2	46.7	32738.0	MXRA-Z38-300200022300	519843.75,8579732.667087682,522592.2117512537,8580156.25	1.1	0.2	19	https://maxar-opendata.s3.amazonaws.com/events/Cyclone-Chido-Dec15/ard/38/300200022300/2024-06-11/104001009713BA00-visual.tif	https://maxar-opendata.s3.amazonaws.com/events/Cyclone-Chido-Dec15/ard/38/300200022300/2024-06-11/104001009713BA00-ms.tif	https://maxar-opendata.s3.amazonaws.com/events/Cyclone-Chido-Dec15/ard/38/300200022300/2024-06-11/104001009713BA00-pan.tif	https://maxar-opendata.s3.amazonaws.com/events/Cyclone-Chido-Dec15/ard/38/300200022300/2024-06-11/104001009713BA00-data-mask.gpkg	
2024-06-16 06:59:38+00:00	WV03	0.34	0.0.1	1040010096411F00	39	211311013230	20.2	24.7	67.8	35.6	46.3	32739.0	MXRA-Z39-211311013230	310555.4597032737,8644843.75,315156.25,8647863.155903654	13.7	0.0	0	https://maxar-opendata.s3.amazonaws.com/events/Cyclone-Chido-Dec15/ard/39/211311013230/2024-06-16/1040010096411F00-visual.tif	https://maxar-opendata.s3.amazonaws.com/events/Cyclone-Chido-Dec15/ard/39/211311013230/2024-06-16/1040010096411F00-ms.tif	https://maxar-opendata.s3.amazonaws.com/events/Cyclone-Chido-Dec15/ard/39/211311013230/2024-06-16/1040010096411F00-pan.tif	https://maxar-opendata.s3.amazonaws.com/events/Cyclone-Chido-Dec15/ard/39/211311013230/2024-06-16/1040010096411F00-data-mask.gpkg	
2024-06-16 06:59:38+00:00	WV03	0.34	0.0.1	1040010096411F00	39	211311013231	20.0	23.7	67.9	35.6	46.3	32739.0	MXRA-Z39-211311013231	314843.75,8644843.75,320003.03819399164,8647893.679881725	15.6	0.0	0	https://maxar-opendata.s3.amazonaws.com/events/Cyclone-Chido-Dec15/ard/39/211311013231/2024-06-16/1040010096411F00-visual.tif	https://maxar-opendata.s3.amazonaws.com/events/Cyclone-Chido-Dec15/ard/39/211311013231/2024-06-16/1040010096411F00-ms.tif	https://maxar-opendata.s3.amazonaws.com/events/Cyclone-Chido-Dec15/ard/39/211311013231/2024-06-16/1040010096411F00-pan.tif	https://maxar-opendata.s3.amazonaws.com/events/Cyclone-Chido-Dec15/ard/39/211311013231/2024-06-16/1040010096411F00-data-mask.gpkg	
2024-06-16 06:59:39+00:00	WV03	0.34	0.0.1	1040010096411F00	39	211311013232	20.2	24.4	67.8	35.5	46.3	32739.0	MXRA-Z39-211311013232	310578.30810546875,8639843.75,315156.25,8645156.25	24.2	0.9	3	https://maxar-opendata.s3.amazonaws.com/events/Cyclone-Chido-Dec15/ard/39/211311013232/2024-06-16/1040010096411F00-visual.tif	https://maxar-opendata.s3.amazonaws.com/events/Cyclone-Chido-Dec15/ard/39/211311013232/2024-06-16/1040010096411F00-ms.tif	https://maxar-opendata.s3.amazonaws.com/events/Cyclone-Chido-Dec15/ard/39/211311013232/2024-06-16/1040010096411F00-pan.tif	https://maxar-opendata.s3.amazonaws.com/events/Cyclone-Chido-Dec15/ard/39/211311013232/2024-06-16/1040010096411F00-data-mask.gpkg	
2024-06-16 06:59:39+00:00	WV03	0.34	0.0.1	1040010096411F00	39	211311013233	20.0	23.4	68.0	35.5	46.3	32739.0	MXRA-Z39-211311013233	314843.75,8639843.75,320033.7617745731,8645156.25	27.4	0.4	1	https://maxar-opendata.s3.amazonaws.com/events/Cyclone-Chido-Dec15/ard/39/211311013233/2024-06-16/1040010096411F00-visual.tif	https://maxar-opendata.s3.amazonaws.com/events/Cyclone-Chido-Dec15/ard/39/211311013233/2024-06-16/1040010096411F00-ms.tif	https://maxar-opendata.s3.amazonaws.com/events/Cyclone-Chido-Dec15/ard/39/211311013233/2024-06-16/1040010096411F00-pan.tif	https://maxar-opendata.s3.amazonaws.com/events/Cyclone-Chido-Dec15/ard/39/211311013233/2024-06-16/1040010096411F00-data-mask.gpkg	
2024-06-16 06:59:39+00:00	WV03	0.34	0.0.1	1040010096411F00	39	211311013322	19.8	22.3	68.2	35.5	46.3	32739.0	MXRA-Z39-211311013322	319843.75,8639843.75,320033.7617745731,8645156.25	0.9	0.0	0	https://maxar-opendata.s3.amazonaws.com/events/Cyclone-Chido-Dec15/ard/39/211311013322/2024-06-16/1040010096411F00-visual.tif	https://maxar-opendata.s3.amazonaws.com/events/Cyclone-Chido-Dec15/ard/39/211311013322/2024-06-16/1040010096411F00-ms.tif	https://maxar-opendata.s3.amazonaws.com/events/Cyclone-Chido-Dec15/ard/39/211311013322/2024-06-16/1040010096411F00-pan.tif	https://maxar-opendata.s3.amazonaws.com/events/Cyclone-Chido-Dec15/ard/39/211311013322/2024-06-16/1040010096411F00-data-mask.gpkg	
2024-06-16 06:59:40+00:00	WV03	0.34	0.0.1	1040010096411F00	39	211311031010	20.1	24.2	67.8	35.5	46.3	32739.0	MXRA-Z39-211311031010	310602.4169921875,8635908.761488704,315156.25,8640156.25	19.2	0.8	4	https://maxar-opendata.s3.amazonaws.com/events/Cyclone-Chido-Dec15/ard/39/211311031010/2024-06-16/1040010096411F00-visual.tif	https://maxar-opendata.s3.amazonaws.com/events/Cyclone-Chido-Dec15/ard/39/211311031010/2024-06-16/1040010096411F00-ms.tif	https://maxar-opendata.s3.amazonaws.com/events/Cyclone-Chido-Dec15/ard/39/211311031010/2024-06-16/1040010096411F00-pan.tif	https://maxar-opendata.s3.amazonaws.com/events/Cyclone-Chido-Dec15/ard/39/211311031010/2024-06-16/1040010096411F00-data-mask.gpkg	
2024-06-16 06:59:40+00:00	WV03	0.34	0.0.1	1040010096411F00	39	211311031011	20.0	23.2	68.0	35.5	46.3	32739.0	MXRA-Z39-211311031011	314843.75,8635935.617520472,320057.57183304586,8640156.25	21.8	1.0	4	https://maxar-opendata.s3.amazonaws.com/events/Cyclone-Chido-Dec15/ard/39/211311031011/2024-06-16/1040010096411F00-visual.tif	https://maxar-opendata.s3.amazonaws.com/events/Cyclone-Chido-Dec15/ard/39/211311031011/2024-06-16/1040010096411F00-ms.tif	https://maxar-opendata.s3.amazonaws.com/events/Cyclone-Chido-Dec15/ard/39/211311031011/2024-06-16/1040010096411F00-pan.tif	https://maxar-opendata.s3.amazonaws.com/events/Cyclone-Chido-Dec15/ard/39/211311031011/2024-06-16/1040010096411F00-data-mask.gpkg	
2024-06-16 06:59:40+00:00	WV03	0.34	0.0.1	1040010096411F00	39	211311031100	19.8	22.1	68.2	35.5	46.3	32739.0	MXRA-Z39-211311031100	319843.75,8635967.503036745,320057.57183304586,8640156.25	0.8	0.0	0	https://maxar-opendata.s3.amazonaws.com/events/Cyclone-Chido-Dec15/ard/39/211311031100/2024-06-16/1040010096411F00-visual.tif	https://maxar-opendata.s3.amazonaws.com/events/Cyclone-Chido-Dec15/ard/39/211311031100/2024-06-16/1040010096411F00-ms.tif	https://maxar-opendata.s3.amazonaws.com/events/Cyclone-Chido-Dec15/ard/39/211311031100/2024-06-16/1040010096411F00-pan.tif	https://maxar-opendata.s3.amazonaws.com/events/Cyclone-Chido-Dec15/ard/39/211311031100/2024-06-16/1040010096411F00-data-mask.gpkg	
2024-06-17 07:19:52+00:00	WV02	0.47	0.0.1	10300100FAB49300	38	211311112122	2.3	226.1	87.4	35.5	46.5	32738.0	MXRA-Z38-211311112122	439843.75,8659843.75,440712.67790717736,8661654.716355693	1.5	0.1	7	https://maxar-opendata.s3.amazonaws.com/events/Cyclone-Chido-Dec15/ard/38/211311112122/2024-06-17/10300100FAB49300-visual.tif	https://maxar-opendata.s3.amazonaws.com/events/Cyclone-Chido-Dec15/ard/38/211311112122/2024-06-17/10300100FAB49300-ms.tif	https://maxar-opendata.s3.amazonaws.com/events/Cyclone-Chido-Dec15/ard/38/211311112122/2024-06-17/10300100FAB49300-pan.tif	https://maxar-opendata.s3.amazonaws.com/events/Cyclone-Chido-Dec15/ard/38/211311112122/2024-06-17/10300100FAB49300-data-mask.gpkg	
2024-06-20 07:11:10+00:00	WV02	0.57	0.0.1	10300100FD270C00	39	211311031010	26.7	316.8	59.7	32.5	47.7	32739.0	MXRA-Z39-211311031010	312169.49462890625,8635918.579611557,315156.25,8640156.25	12.3	0.0	0	https://maxar-opendata.s3.amazonaws.com/events/Cyclone-Chido-Dec15/ard/39/211311031010/2024-06-20/10300100FD270C00-visual.tif	https://maxar-opendata.s3.amazonaws.com/events/Cyclone-Chido-Dec15/ard/39/211311031010/2024-06-20/10300100FD270C00-ms.tif	https://maxar-opendata.s3.amazonaws.com/events/Cyclone-Chido-Dec15/ard/39/211311031010/2024-06-20/10300100FD270C00-pan.tif	https://maxar-opendata.s3.amazonaws.com/events/Cyclone-Chido-Dec15/ard/39/211311031010/2024-06-20/10300100FD270C00-data-mask.gpkg	
2024-06-20 07:11:10+00:00	WV02	0.57	0.0.1	10300100FD270C00	39	211311031011	26.9	316.4	59.5	32.5	47.7	32739.0	MXRA-Z39-211311031011	314843.75,8635935.617520472,320057.57183304586,8639949.340820312	18.7	0.0	0	https://maxar-opendata.s3.amazonaws.com/events/Cyclone-Chido-Dec15/ard/39/211311031011/2024-06-20/10300100FD270C00-visual.tif	https://maxar-opendata.s3.amazonaws.com/events/Cyclone-Chido-Dec15/ard/39/211311031011/2024-06-20/10300100FD270C00-ms.tif	https://maxar-opendata.s3.amazonaws.com/events/Cyclone-Chido-Dec15/ard/39/211311031011/2024-06-20/10300100FD270C00-pan.tif	https://maxar-opendata.s3.amazonaws.com/events/Cyclone-Chido-Dec15/ard/39/211311031011/2024-06-20/10300100FD270C00-data-mask.gpkg	
2024-06-20 07:11:10+00:00	WV02	0.58	0.0.1	10300100FD270C00	39	211311031100	27.1	316.0	59.3	32.5	47.7	32739.0	MXRA-Z39-211311031100	319843.75,8635967.503036745,320057.57183304586,8639212.646484375	0.6	0.0	0	https://maxar-opendata.s3.amazonaws.com/events/Cyclone-Chido-Dec15/ard/39/211311031100/2024-06-20/10300100FD270C00-visual.tif	https://maxar-opendata.s3.amazonaws.com/events/Cyclone-Chido-Dec15/ard/39/211311031100/2024-06-20/10300100FD270C00-ms.tif	https://maxar-opendata.s3.amazonaws.com/events/Cyclone-Chido-Dec15/ard/39/211311031100/2024-06-20/10300100FD270C00-pan.tif	https://maxar-opendata.s3.amazonaws.com/events/Cyclone-Chido-Dec15/ard/39/211311031100/2024-06-20/10300100FD270C00-data-mask.gpkg	
2024-06-22 06:54:45+00:00	WV03	0.37	0.0.1	1040010099BADE00	39	211311013230	24.9	51.5	62.5	37.1	45.4	32739.0	MXRA-Z39-211311013230	309843.75,8644843.75,315156.25,8647863.155903654	15.9	0.0	0	https://maxar-opendata.s3.amazonaws.com/events/Cyclone-Chido-Dec15/ard/39/211311013230/2024-06-22/1040010099BADE00-visual.tif	https://maxar-opendata.s3.amazonaws.com/events/Cyclone-Chido-Dec15/ard/39/211311013230/2024-06-22/1040010099BADE00-ms.tif	https://maxar-opendata.s3.amazonaws.com/events/Cyclone-Chido-Dec15/ard/39/211311013230/2024-06-22/1040010099BADE00-pan.tif	https://maxar-opendata.s3.amazonaws.com/events/Cyclone-Chido-Dec15/ard/39/211311013230/2024-06-22/1040010099BADE00-data-mask.gpkg	
2024-06-22 06:54:45+00:00	WV03	0.37	0.0.1	1040010099BADE00	39	211311013231	24.6	50.9	62.8	37.1	45.4	32739.0	MXRA-Z39-211311013231	314843.75,8644843.75,320003.03819399164,8647893.679881725	15.6	0.0	0	https://maxar-opendata.s3.amazonaws.com/events/Cyclone-Chido-Dec15/ard/39/211311013231/2024-06-22/1040010099BADE00-visual.tif	https://maxar-opendata.s3.amazonaws.com/events/Cyclone-Chido-Dec15/ard/39/211311013231/2024-06-22/1040010099BADE00-ms.tif	https://maxar-opendata.s3.amazonaws.com/events/Cyclone-Chido-Dec15/ard/39/211311013231/2024-06-22/1040010099BADE00-pan.tif	https://maxar-opendata.s3.amazonaws.com/events/Cyclone-Chido-Dec15/ard/39/211311013231/2024-06-22/1040010099BADE00-data-mask.gpkg	
2024-06-22 06:54:46+00:00	WV03	0.37	0.0.1	1040010099BADE00	39	211311013232	24.9	51.3	62.5	37.1	45.3	32739.0	MXRA-Z39-211311013232	309843.75,8639843.75,315156.25,8645156.25	28.2	0.1	0	https://maxar-opendata.s3.amazonaws.com/events/Cyclone-Chido-Dec15/ard/39/211311013232/2024-06-22/1040010099BADE00-visual.tif	https://maxar-opendata.s3.amazonaws.com/events/Cyclone-Chido-Dec15/ard/39/211311013232/2024-06-22/1040010099BADE00-ms.tif	https://maxar-opendata.s3.amazonaws.com/events/Cyclone-Chido-Dec15/ard/39/211311013232/2024-06-22/1040010099BADE00-pan.tif	https://maxar-opendata.s3.amazonaws.com/events/Cyclone-Chido-Dec15/ard/39/211311013232/2024-06-22/1040010099BADE00-data-mask.gpkg	
2024-06-22 06:54:46+00:00	WV03	0.37	0.0.1	1040010099BADE00	39	211311013233	24.6	50.8	62.9	37.1	45.3	32739.0	MXRA-Z39-211311013233	314843.75,8639843.75,320033.7617745731,8645156.25	27.4	0.7	2	https://maxar-opendata.s3.amazonaws.com/events/Cyclone-Chido-Dec15/ard/39/211311013233/2024-06-22/1040010099BADE00-visual.tif	https://maxar-opendata.s3.amazonaws.com/events/Cyclone-Chido-Dec15/ard/39/211311013233/2024-06-22/1040010099BADE00-ms.tif	https://maxar-opendata.s3.amazonaws.com/events/Cyclone-Chido-Dec15/ard/39/211311013233/2024-06-22/1040010099BADE00-pan.tif	https://maxar-opendata.s3.amazonaws.com/events/Cyclone-Chido-Dec15/ard/39/211311013233/2024-06-22/1040010099BADE00-data-mask.gpkg	
2024-06-22 06:54:46+00:00	WV03	0.36	0.0.1	1040010099BADE00	39	211311013322	24.3	50.2	63.2	37.1	45.3	32739.0	MXRA-Z39-211311013322	319843.75,8639843.75,320033.7617745731,8645156.25	0.9	0.1	12	https://maxar-opendata.s3.amazonaws.com/events/Cyclone-Chido-Dec15/ard/39/211311013322/2024-06-22/1040010099BADE00-visual.tif	https://maxar-opendata.s3.amazonaws.com/events/Cyclone-Chido-Dec15/ard/39/211311013322/2024-06-22/1040010099BADE00-ms.tif	https://maxar-opendata.s3.amazonaws.com/events/Cyclone-Chido-Dec15/ard/39/211311013322/2024-06-22/1040010099BADE00-pan.tif	https://maxar-opendata.s3.amazonaws.com/events/Cyclone-Chido-Dec15/ard/39/211311013322/2024-06-22/1040010099BADE00-data-mask.gpkg	
2024-06-22 06:54:46+00:00	WV03	0.37	0.0.1	1040010099BADE00	39	211311031010	24.8	51.2	62.6	37.1	45.3	32739.0	MXRA-Z39-211311031010	309843.75,8635903.732004197,315156.25,8640156.25	22.5	0.2	1	https://maxar-opendata.s3.amazonaws.com/events/Cyclone-Chido-Dec15/ard/39/211311031010/2024-06-22/1040010099BADE00-visual.tif	https://maxar-opendata.s3.amazonaws.com/events/Cyclone-Chido-Dec15/ard/39/211311031010/2024-06-22/1040010099BADE00-ms.tif	https://maxar-opendata.s3.amazonaws.com/events/Cyclone-Chido-Dec15/ard/39/211311031010/2024-06-22/1040010099BADE00-pan.tif	https://maxar-opendata.s3.amazonaws.com/events/Cyclone-Chido-Dec15/ard/39/211311031010/2024-06-22/1040010099BADE00-data-mask.gpkg	
2024-06-22 06:54:46+00:00	WV03	0.36	0.0.1	1040010099BADE00	39	211311031011	24.5	50.6	62.9	37.1	45.3	32739.0	MXRA-Z39-211311031011	314843.75,8635935.617520472,320057.57183304586,8640156.25	21.8	0.0	0	https://maxar-opendata.s3.amazonaws.com/events/Cyclone-Chido-Dec15/ard/39/211311031011/2024-06-22/1040010099BADE00-visual.tif	https://maxar-opendata.s3.amazonaws.com/events/Cyclone-Chido-Dec15/ard/39/211311031011/2024-06-22/1040010099BADE00-ms.tif	https://maxar-opendata.s3.amazonaws.com/events/Cyclone-Chido-Dec15/ard/39/211311031011/2024-06-22/1040010099BADE00-pan.tif	https://maxar-opendata.s3.amazonaws.com/events/Cyclone-Chido-Dec15/ard/39/211311031011/2024-06-22/1040010099BADE00-data-mask.gpkg	
2024-06-23 07:09:58+00:00	WV03	0.37	0.0.1	1040010097231700	39	211311013221	24.8	322.2	62.6	33.4	47.4	32739.0	MXRA-Z39-211311013221	307979.9990840339,8644843.75,309891.357421875,8647829.776829384	5.6	0.0	0	https://maxar-opendata.s3.amazonaws.com/events/Cyclone-Chido-Dec15/ard/39/211311013221/2024-06-23/1040010097231700-visual.tif	https://maxar-opendata.s3.amazonaws.com/events/Cyclone-Chido-Dec15/ard/39/211311013221/2024-06-23/1040010097231700-ms.tif	https://maxar-opendata.s3.amazonaws.com/events/Cyclone-Chido-Dec15/ard/39/211311013221/2024-06-23/1040010097231700-pan.tif	https://maxar-opendata.s3.amazonaws.com/events/Cyclone-Chido-Dec15/ard/39/211311013221/2024-06-23/1040010097231700-data-mask.gpkg	
2024-06-23 07:09:59+00:00	WV03	0.37	0.0.1	1040010097231700	39	211311013223	24.9	322.1	62.5	33.3	47.3	32739.0	MXRA-Z39-211311013223	307997.44442987617,8639843.75,309953.91845703125,8645156.25	10.0	0.0	0	https://maxar-opendata.s3.amazonaws.com/events/Cyclone-Chido-Dec15/ard/39/211311013223/2024-06-23/1040010097231700-visual.tif	https://maxar-opendata.s3.amazonaws.com/events/Cyclone-Chido-Dec15/ard/39/211311013223/2024-06-23/1040010097231700-ms.tif	https://maxar-opendata.s3.amazonaws.com/events/Cyclone-Chido-Dec15/ard/39/211311013223/2024-06-23/1040010097231700-pan.tif	https://maxar-opendata.s3.amazonaws.com/events/Cyclone-Chido-Dec15/ard/39/211311013223/2024-06-23/1040010097231700-data-mask.gpkg	
2024-06-23 07:09:59+00:00	WV03	0.37	0.0.1	1040010097231700	39	211311031001	24.9	322.0	62.4	33.3	47.3	32739.0	MXRA-Z39-211311031001	308030.2175079371,8635892.345149161,309981.88450203487,8640156.25	8.1	0.0	0	https://maxar-opendata.s3.amazonaws.com/events/Cyclone-Chido-Dec15/ard/39/211311031001/2024-06-23/1040010097231700-visual.tif	https://maxar-opendata.s3.amazonaws.com/events/Cyclone-Chido-Dec15/ard/39/211311031001/2024-06-23/1040010097231700-ms.tif	https://maxar-opendata.s3.amazonaws.com/events/Cyclone-Chido-Dec15/ard/39/211311031001/2024-06-23/1040010097231700-pan.tif	https://maxar-opendata.s3.amazonaws.com/events/Cyclone-Chido-Dec15/ard/39/211311031001/2024-06-23/1040010097231700-data-mask.gpkg	
2024-06-29 07:04:53+00:00	WV03	0.35	0.0.1	10400100987A4A00	39	211311013230	20.6	349.9	67.2	35.1	46.8	32739.0	MXRA-Z39-211311013230	309843.75,8644843.75,315156.25,8647863.155903654	15.9	0.0	0	https://maxar-opendata.s3.amazonaws.com/events/Cyclone-Chido-Dec15/ard/39/211311013230/2024-06-29/10400100987A4A00-visual.tif	https://maxar-opendata.s3.amazonaws.com/events/Cyclone-Chido-Dec15/ard/39/211311013230/2024-06-29/10400100987A4A00-ms.tif	https://maxar-opendata.s3.amazonaws.com/events/Cyclone-Chido-Dec15/ard/39/211311013230/2024-06-29/10400100987A4A00-pan.tif	https://maxar-opendata.s3.amazonaws.com/events/Cyclone-Chido-Dec15/ard/39/211311013230/2024-06-29/10400100987A4A00-data-mask.gpkg	
2024-06-29 07:04:53+00:00	WV03	0.35	0.0.1	10400100987A4A00	39	211311013231	20.7	348.7	67.1	35.1	46.8	32739.0	MXRA-Z39-211311013231	314843.75,8644843.75,320003.03819399164,8647893.679881725	15.6	0.0	0	https://maxar-opendata.s3.amazonaws.com/events/Cyclone-Chido-Dec15/ard/39/211311013231/2024-06-29/10400100987A4A00-visual.tif	https://maxar-opendata.s3.amazonaws.com/events/Cyclone-Chido-Dec15/ard/39/211311013231/2024-06-29/10400100987A4A00-ms.tif	https://maxar-opendata.s3.amazonaws.com/events/Cyclone-Chido-Dec15/ard/39/211311013231/2024-06-29/10400100987A4A00-pan.tif	https://maxar-opendata.s3.amazonaws.com/events/Cyclone-Chido-Dec15/ard/39/211311013231/2024-06-29/10400100987A4A00-data-mask.gpkg	
2024-06-29 07:04:54+00:00	WV03	0.35	0.0.1	10400100987A4A00	39	211311013232	20.7	349.7	67.2	35.1	46.8	32739.0	MXRA-Z39-211311013232	309843.75,8639843.75,315156.25,8645156.25	28.2	0.0	0	https://maxar-opendata.s3.amazonaws.com/events/Cyclone-Chido-Dec15/ard/39/211311013232/2024-06-29/10400100987A4A00-visual.tif	https://maxar-opendata.s3.amazonaws.com/events/Cyclone-Chido-Dec15/ard/39/211311013232/2024-06-29/10400100987A4A00-ms.tif	https://maxar-opendata.s3.amazonaws.com/events/Cyclone-Chido-Dec15/ard/39/211311013232/2024-06-29/10400100987A4A00-pan.tif	https://maxar-opendata.s3.amazonaws.com/events/Cyclone-Chido-Dec15/ard/39/211311013232/2024-06-29/10400100987A4A00-data-mask.gpkg	
2024-06-29 07:04:54+00:00	WV03	0.35	0.0.1	10400100987A4A00	39	211311013233	20.8	348.5	67.1	35.1	46.8	32739.0	MXRA-Z39-211311013233	314843.75,8639843.75,320033.7617745731,8645156.25	27.4	0.0	0	https://maxar-opendata.s3.amazonaws.com/events/Cyclone-Chido-Dec15/ard/39/211311013233/2024-06-29/10400100987A4A00-visual.tif	https://maxar-opendata.s3.amazonaws.com/events/Cyclone-Chido-Dec15/ard/39/211311013233/2024-06-29/10400100987A4A00-ms.tif	https://maxar-opendata.s3.amazonaws.com/events/Cyclone-Chido-Dec15/ard/39/211311013233/2024-06-29/10400100987A4A00-pan.tif	https://maxar-opendata.s3.amazonaws.com/events/Cyclone-Chido-Dec15/ard/39/211311013233/2024-06-29/10400100987A4A00-data-mask.gpkg	
2024-06-29 07:04:54+00:00	WV03	0.35	0.0.1	10400100987A4A00	39	211311031010	20.7	349.4	67.2	35.1	46.7	32739.0	MXRA-Z39-211311031010	309843.75,8635903.732004197,315156.25,8640156.25	22.5	0.0	0	https://maxar-opendata.s3.amazonaws.com/events/Cyclone-Chido-Dec15/ard/39/211311031010/2024-06-29/10400100987A4A00-visual.tif	https://maxar-opendata.s3.amazonaws.com/events/Cyclone-Chido-Dec15/ard/39/211311031010/2024-06-29/10400100987A4A00-ms.tif	https://maxar-opendata.s3.amazonaws.com/events/Cyclone-Chido-Dec15/ard/39/211311031010/2024-06-29/10400100987A4A00-pan.tif	https://maxar-opendata.s3.amazonaws.com/events/Cyclone-Chido-Dec15/ard/39/211311031010/2024-06-29/10400100987A4A00-data-mask.gpkg	
2024-06-29 07:04:54+00:00	WV03	0.35	0.0.1	10400100987A4A00	39	211311031011	20.8	348.3	67.1	35.1	46.7	32739.0	MXRA-Z39-211311031011	314843.75,8635935.617520472,320057.57183304586,8640156.25	21.8	0.0	0	https://maxar-opendata.s3.amazonaws.com/events/Cyclone-Chido-Dec15/ard/39/211311031011/2024-06-29/10400100987A4A00-visual.tif	https://maxar-opendata.s3.amazonaws.com/events/Cyclone-Chido-Dec15/ard/39/211311031011/2024-06-29/10400100987A4A00-ms.tif	https://maxar-opendata.s3.amazonaws.com/events/Cyclone-Chido-Dec15/ard/39/211311031011/2024-06-29/10400100987A4A00-pan.tif	https://maxar-opendata.s3.amazonaws.com/events/Cyclone-Chido-Dec15/ard/39/211311031011/2024-06-29/10400100987A4A00-data-mask.gpkg	
2024-06-29 07:05:19+00:00	WV03	0.32	0.0.1	1040010098764700	39	211311013231	9.0	300.8	80.1	35.0	46.9	32739.0	MXRA-Z39-211311013231	315887.03338125587,8644843.75,320003.03819399164,8647893.679881725	12.4	0.0	0	https://maxar-opendata.s3.amazonaws.com/events/Cyclone-Chido-Dec15/ard/39/211311013231/2024-06-29/1040010098764700-visual.tif	https://maxar-opendata.s3.amazonaws.com/events/Cyclone-Chido-Dec15/ard/39/211311013231/2024-06-29/1040010098764700-ms.tif	https://maxar-opendata.s3.amazonaws.com/events/Cyclone-Chido-Dec15/ard/39/211311013231/2024-06-29/1040010098764700-pan.tif	https://maxar-opendata.s3.amazonaws.com/events/Cyclone-Chido-Dec15/ard/39/211311013231/2024-06-29/1040010098764700-data-mask.gpkg	
2024-06-29 07:05:20+00:00	WV03	0.32	0.0.1	1040010098764700	39	211311013233	9.0	300.3	80.1	35.0	46.8	32739.0	MXRA-Z39-211311013233	315901.18408203125,8639843.75,320033.7617745731,8645156.25	21.7	0.0	0	https://maxar-opendata.s3.amazonaws.com/events/Cyclone-Chido-Dec15/ard/39/211311013233/2024-06-29/1040010098764700-visual.tif	https://maxar-opendata.s3.amazonaws.com/events/Cyclone-Chido-Dec15/ard/39/211311013233/2024-06-29/1040010098764700-ms.tif	https://maxar-opendata.s3.amazonaws.com/events/Cyclone-Chido-Dec15/ard/39/211311013233/2024-06-29/1040010098764700-pan.tif	https://maxar-opendata.s3.amazonaws.com/events/Cyclone-Chido-Dec15/ard/39/211311013233/2024-06-29/1040010098764700-data-mask.gpkg	
2024-06-29 07:05:20+00:00	WV03	0.32	0.0.1	1040010098764700	39	211311013322	9.4	299.1	79.7	35.0	46.8	32739.0	MXRA-Z39-211311013322	319843.75,8639843.75,320033.7617745731,8645156.25	0.9	0.0	0	https://maxar-opendata.s3.amazonaws.com/events/Cyclone-Chido-Dec15/ard/39/211311013322/2024-06-29/1040010098764700-visual.tif	https://maxar-opendata.s3.amazonaws.com/events/Cyclone-Chido-Dec15/ard/39/211311013322/2024-06-29/1040010098764700-ms.tif	https://maxar-opendata.s3.amazonaws.com/events/Cyclone-Chido-Dec15/ard/39/211311013322/2024-06-29/1040010098764700-pan.tif	https://maxar-opendata.s3.amazonaws.com/events/Cyclone-Chido-Dec15/ard/39/211311013322/2024-06-29/1040010098764700-data-mask.gpkg	
2024-06-29 07:05:21+00:00	WV03	0.32	0.0.1	1040010098764700	39	211311031011	9.1	299.8	80.0	34.9	46.8	32739.0	MXRA-Z39-211311031011	315926.513671875,8635942.650532957,320057.57183304586,8640156.25	17.2	0.0	0	https://maxar-opendata.s3.amazonaws.com/events/Cyclone-Chido-Dec15/ard/39/211311031011/2024-06-29/1040010098764700-visual.tif	https://maxar-opendata.s3.amazonaws.com/events/Cyclone-Chido-Dec15/ard/39/211311031011/2024-06-29/1040010098764700-ms.tif	https://maxar-opendata.s3.amazonaws.com/events/Cyclone-Chido-Dec15/ard/39/211311031011/2024-06-29/1040010098764700-pan.tif	https://maxar-opendata.s3.amazonaws.com/events/Cyclone-Chido-Dec15/ard/39/211311031011/2024-06-29/1040010098764700-data-mask.gpkg	
2024-06-29 07:05:21+00:00	WV03	0.32	0.0.1	1040010098764700	39	211311031100	9.5	298.6	79.6	34.9	46.8	32739.0	MXRA-Z39-211311031100	319843.75,8635967.503036745,320057.57183304586,8640156.25	0.8	0.0	0	https://maxar-opendata.s3.amazonaws.com/events/Cyclone-Chido-Dec15/ard/39/211311031100/2024-06-29/1040010098764700-visual.tif	https://maxar-opendata.s3.amazonaws.com/events/Cyclone-Chido-Dec15/ard/39/211311031100/2024-06-29/1040010098764700-ms.tif	https://maxar-opendata.s3.amazonaws.com/events/Cyclone-Chido-Dec15/ard/39/211311031100/2024-06-29/1040010098764700-pan.tif	https://maxar-opendata.s3.amazonaws.com/events/Cyclone-Chido-Dec15/ard/39/211311031100/2024-06-29/1040010098764700-data-mask.gpkg	
2024-06-29 07:15:22+00:00	GE01	0.41	0.0.1	105001003C07F000	38	211311112033	5.6	80.3	83.8	37.5	45.6	32738.0	MXRA-Z38-211311112033	435805.7899196729,8659843.75,440156.25,8661653.502244039	7.8	0.0	0	https://maxar-opendata.s3.amazonaws.com/events/Cyclone-Chido-Dec15/ard/38/211311112033/2024-06-29/105001003C07F000-visual.tif	https://maxar-opendata.s3.amazonaws.com/events/Cyclone-Chido-Dec15/ard/38/211311112033/2024-06-29/105001003C07F000-ms.tif	https://maxar-opendata.s3.amazonaws.com/events/Cyclone-Chido-Dec15/ard/38/211311112033/2024-06-29/105001003C07F000-pan.tif	https://maxar-opendata.s3.amazonaws.com/events/Cyclone-Chido-Dec15/ard/38/211311112033/2024-06-29/105001003C07F000-data-mask.gpkg	
2024-06-29 07:15:22+00:00	GE01	0.41	0.0.1	105001003C07F000	38	211311112122	5.3	79.7	84.2	37.5	45.6	32738.0	MXRA-Z38-211311112122	439843.75,8659843.75,440712.67790717736,8661654.716355693	1.5	0.0	0	https://maxar-opendata.s3.amazonaws.com/events/Cyclone-Chido-Dec15/ard/38/211311112122/2024-06-29/105001003C07F000-visual.tif	https://maxar-opendata.s3.amazonaws.com/events/Cyclone-Chido-Dec15/ard/38/211311112122/2024-06-29/105001003C07F000-ms.tif	https://maxar-opendata.s3.amazonaws.com/events/Cyclone-Chido-Dec15/ard/38/211311112122/2024-06-29/105001003C07F000-pan.tif	https://maxar-opendata.s3.amazonaws.com/events/Cyclone-Chido-Dec15/ard/38/211311112122/2024-06-29/105001003C07F000-data-mask.gpkg	
2024-06-29 07:15:23+00:00	GE01	0.41	0.0.1	105001003C07F000	38	211311112211	5.4	82.8	84.0	37.5	45.6	32738.0	MXRA-Z38-211311112211	435809.63134765625,8654843.75,440156.25,8660156.25	23.0	0.0	0	https://maxar-opendata.s3.amazonaws.com/events/Cyclone-Chido-Dec15/ard/38/211311112211/2024-06-29/105001003C07F000-visual.tif	https://maxar-opendata.s3.amazonaws.com/events/Cyclone-Chido-Dec15/ard/38/211311112211/2024-06-29/105001003C07F000-ms.tif	https://maxar-opendata.s3.amazonaws.com/events/Cyclone-Chido-Dec15/ard/38/211311112211/2024-06-29/105001003C07F000-pan.tif	https://maxar-opendata.s3.amazonaws.com/events/Cyclone-Chido-Dec15/ard/38/211311112211/2024-06-29/105001003C07F000-data-mask.gpkg	
2024-06-29 07:15:23+00:00	GE01	0.41	0.0.1	105001003C07F000	38	211311112300	5.1	82.3	84.4	37.5	45.6	32738.0	MXRA-Z38-211311112300	439843.75,8654843.75,440722.693916491,8660156.25	4.6	0.0	0	https://maxar-opendata.s3.amazonaws.com/events/Cyclone-Chido-Dec15/ard/38/211311112300/2024-06-29/105001003C07F000-visual.tif	https://maxar-opendata.s3.amazonaws.com/events/Cyclone-Chido-Dec15/ard/38/211311112300/2024-06-29/105001003C07F000-ms.tif	https://maxar-opendata.s3.amazonaws.com/events/Cyclone-Chido-Dec15/ard/38/211311112300/2024-06-29/105001003C07F000-pan.tif	https://maxar-opendata.s3.amazonaws.com/events/Cyclone-Chido-Dec15/ard/38/211311112300/2024-06-29/105001003C07F000-data-mask.gpkg	
2024-06-29 07:15:24+00:00	GE01	0.41	0.0.1	105001003C07F000	38	211311112213	5.3	85.5	84.2	37.4	45.6	32738.0	MXRA-Z38-211311112213	435837.40234375,8649843.75,440156.25,8655156.25	22.7	0.0	0	https://maxar-opendata.s3.amazonaws.com/events/Cyclone-Chido-Dec15/ard/38/211311112213/2024-06-29/105001003C07F000-visual.tif	https://maxar-opendata.s3.amazonaws.com/events/Cyclone-Chido-Dec15/ard/38/211311112213/2024-06-29/105001003C07F000-ms.tif	https://maxar-opendata.s3.amazonaws.com/events/Cyclone-Chido-Dec15/ard/38/211311112213/2024-06-29/105001003C07F000-pan.tif	https://maxar-opendata.s3.amazonaws.com/events/Cyclone-Chido-Dec15/ard/38/211311112213/2024-06-29/105001003C07F000-data-mask.gpkg	
2024-06-29 07:15:24+00:00	GE01	0.41	0.0.1	105001003C07F000	38	211311112302	4.9	85.2	84.6	37.4	45.6	32738.0	MXRA-Z38-211311112302	439843.75,8649843.75,440732.7099258046,8655156.25	4.6	0.0	0	https://maxar-opendata.s3.amazonaws.com/events/Cyclone-Chido-Dec15/ard/38/211311112302/2024-06-29/105001003C07F000-visual.tif	https://maxar-opendata.s3.amazonaws.com/events/Cyclone-Chido-Dec15/ard/38/211311112302/2024-06-29/105001003C07F000-ms.tif	https://maxar-opendata.s3.amazonaws.com/events/Cyclone-Chido-Dec15/ard/38/211311112302/2024-06-29/105001003C07F000-pan.tif	https://maxar-opendata.s3.amazonaws.com/events/Cyclone-Chido-Dec15/ard/38/211311112302/2024-06-29/105001003C07F000-data-mask.gpkg	
2024-06-29 07:15:26+00:00	GE01	0.41	0.0.1	105001003C07F000	38	211311112231	5.1	88.4	84.3	37.4	45.6	32738.0	MXRA-Z38-211311112231	435948.486328125,8649723.496672286,440156.25,8650156.25	1.7	0.0	0	https://maxar-opendata.s3.amazonaws.com/events/Cyclone-Chido-Dec15/ard/38/211311112231/2024-06-29/105001003C07F000-visual.tif	https://maxar-opendata.s3.amazonaws.com/events/Cyclone-Chido-Dec15/ard/38/211311112231/2024-06-29/105001003C07F000-ms.tif	https://maxar-opendata.s3.amazonaws.com/events/Cyclone-Chido-Dec15/ard/38/211311112231/2024-06-29/105001003C07F000-pan.tif	https://maxar-opendata.s3.amazonaws.com/events/Cyclone-Chido-Dec15/ard/38/211311112231/2024-06-29/105001003C07F000-data-mask.gpkg	
2024-06-29 07:15:26+00:00	GE01	0.41	0.0.1	105001003C07F000	38	211311112320	4.8	88.2	84.7	37.4	45.6	32738.0	MXRA-Z38-211311112320	439843.75,8649732.096250623,440732.9296444432,8650156.25	0.3	0.0	0	https://maxar-opendata.s3.amazonaws.com/events/Cyclone-Chido-Dec15/ard/38/211311112320/2024-06-29/105001003C07F000-visual.tif	https://maxar-opendata.s3.amazonaws.com/events/Cyclone-Chido-Dec15/ard/38/211311112320/2024-06-29/105001003C07F000-ms.tif	https://maxar-opendata.s3.amazonaws.com/events/Cyclone-Chido-Dec15/ard/38/211311112320/2024-06-29/105001003C07F000-pan.tif	https://maxar-opendata.s3.amazonaws.com/events/Cyclone-Chido-Dec15/ard/38/211311112320/2024-06-29/105001003C07F000-data-mask.gpkg	
2024-07-01 07:15:20+00:00	WV02	0.55	0.0.1	10300100FC931700	38	211311011023	23.7	52.7	63.2	39.2	45.2	32738.0	MXRA-Z38-211311011023	304843.75,8701031.800638413,310156.25,8705156.25	21.8	0.0	0	https://maxar-opendata.s3.amazonaws.com/events/Cyclone-Chido-Dec15/ard/38/211311011023/2024-07-01/10300100FC931700-visual.tif	https://maxar-opendata.s3.amazonaws.com/events/Cyclone-Chido-Dec15/ard/38/211311011023/2024-07-01/10300100FC931700-ms.tif	https://maxar-opendata.s3.amazonaws.com/events/Cyclone-Chido-Dec15/ard/38/211311011023/2024-07-01/10300100FC931700-pan.tif	https://maxar-opendata.s3.amazonaws.com/events/Cyclone-Chido-Dec15/ard/38/211311011023/2024-07-01/10300100FC931700-data-mask.gpkg	
2024-07-01 07:15:21+00:00	WV02	0.54	0.0.1	10300100FC931700	38	211311011012	22.8	54.2	64.2	39.2	45.3	32738.0	MXRA-Z38-211311011012	309843.75,8709843.75,314239.1142048985,8711027.760798242	5.1	0.0	0	https://maxar-opendata.s3.amazonaws.com/events/Cyclone-Chido-Dec15/ard/38/211311011012/2024-07-01/10300100FC931700-visual.tif	https://maxar-opendata.s3.amazonaws.com/events/Cyclone-Chido-Dec15/ard/38/211311011012/2024-07-01/10300100FC931700-ms.tif	https://maxar-opendata.s3.amazonaws.com/events/Cyclone-Chido-Dec15/ard/38/211311011012/2024-07-01/10300100FC931700-pan.tif	https://maxar-opendata.s3.amazonaws.com/events/Cyclone-Chido-Dec15/ard/38/211311011012/2024-07-01/10300100FC931700-data-mask.gpkg	
2024-07-01 07:15:21+00:00	WV02	0.54	0.0.1	10300100FC931700	38	211311011021	23.4	53.8	63.6	39.2	45.2	32738.0	MXRA-Z38-211311011021	304843.75,8704843.75,310156.25,8710156.25	28.2	0.0	0	https://maxar-opendata.s3.amazonaws.com/events/Cyclone-Chido-Dec15/ard/38/211311011021/2024-07-01/10300100FC931700-visual.tif	https://maxar-opendata.s3.amazonaws.com/events/Cyclone-Chido-Dec15/ard/38/211311011021/2024-07-01/10300100FC931700-ms.tif	https://maxar-opendata.s3.amazonaws.com/events/Cyclone-Chido-Dec15/ard/38/211311011021/2024-07-01/10300100FC931700-pan.tif	https://maxar-opendata.s3.amazonaws.com/events/Cyclone-Chido-Dec15/ard/38/211311011021/2024-07-01/10300100FC931700-data-mask.gpkg	
2024-07-01 07:15:21+00:00	WV02	0.54	0.0.1	10300100FC931700	38	211311011030	23.2	53.2	63.8	39.2	45.2	32738.0	MXRA-Z38-211311011030	309843.75,8704843.75,314269.28047654644,8710156.25	23.4	0.0	0	https://maxar-opendata.s3.amazonaws.com/events/Cyclone-Chido-Dec15/ard/38/211311011030/2024-07-01/10300100FC931700-visual.tif	https://maxar-opendata.s3.amazonaws.com/events/Cyclone-Chido-Dec15/ard/38/211311011030/2024-07-01/10300100FC931700-ms.tif	https://maxar-opendata.s3.amazonaws.com/events/Cyclone-Chido-Dec15/ard/38/211311011030/2024-07-01/10300100FC931700-pan.tif	https://maxar-opendata.s3.amazonaws.com/events/Cyclone-Chido-Dec15/ard/38/211311011030/2024-07-01/10300100FC931700-data-mask.gpkg	
2024-07-12 07:19:15+00:00	WV02	0.53	0.0.1	10300100FD302500	38	211311011012	21.8	32.6	65.4	39.8	46.5	32738.0	MXRA-Z38-211311011012	310118.1498830225,8709843.75,314239.1142048985,8711027.760798242	4.8	0.0	0	https://maxar-opendata.s3.amazonaws.com/events/Cyclone-Chido-Dec15/ard/38/211311011012/2024-07-12/10300100FD302500-visual.tif	https://maxar-opendata.s3.amazonaws.com/events/Cyclone-Chido-Dec15/ard/38/211311011012/2024-07-12/10300100FD302500-ms.tif	https://maxar-opendata.s3.amazonaws.com/events/Cyclone-Chido-Dec15/ard/38/211311011012/2024-07-12/10300100FD302500-pan.tif	https://maxar-opendata.s3.amazonaws.com/events/Cyclone-Chido-Dec15/ard/38/211311011012/2024-07-12/10300100FD302500-data-mask.gpkg	
2024-07-12 07:20:56+00:00	WV02	0.58	0.0.1	10300100FEAEBC00	37	300200122221	27.4	130.3	58.9	41.2	44.0	32737.0	MXRA-Z37-300200122221	664843.75,8564843.75,670156.25,8570156.25	28.2	3.2	11	https://maxar-opendata.s3.amazonaws.com/events/Cyclone-Chido-Dec15/ard/37/300200122221/2024-07-12/10300100FEAEBC00-visual.tif	https://maxar-opendata.s3.amazonaws.com/events/Cyclone-Chido-Dec15/ard/37/300200122221/2024-07-12/10300100FEAEBC00-ms.tif	https://maxar-opendata.s3.amazonaws.com/events/Cyclone-Chido-Dec15/ard/37/300200122221/2024-07-12/10300100FEAEBC00-pan.tif	https://maxar-opendata.s3.amazonaws.com/events/Cyclone-Chido-Dec15/ard/37/300200122221/2024-07-12/10300100FEAEBC00-data-mask.gpkg	
2024-07-19 07:19:11+00:00	WV03	0.39	0.0.1	1040010099B49500	38	300200022033	28.5	4.9	58.5	38.5	47.5	32738.0	MXRA-Z38-300200022033	518545.63344845787,8579843.75,519795.22705078125,8585156.25	6.5	0.2	3	https://maxar-opendata.s3.amazonaws.com/events/Cyclone-Chido-Dec15/ard/38/300200022033/2024-07-19/1040010099B49500-visual.tif	https://maxar-opendata.s3.amazonaws.com/events/Cyclone-Chido-Dec15/ard/38/300200022033/2024-07-19/1040010099B49500-ms.tif	https://maxar-opendata.s3.amazonaws.com/events/Cyclone-Chido-Dec15/ard/38/300200022033/2024-07-19/1040010099B49500-pan.tif	https://maxar-opendata.s3.amazonaws.com/events/Cyclone-Chido-Dec15/ard/38/300200022033/2024-07-19/1040010099B49500-data-mask.gpkg	
2024-07-19 07:19:11+00:00	WV03	0.39	0.0.1	1040010099B49500	38	300200022211	28.5	4.7	58.4	38.4	47.4	32738.0	MXRA-Z38-300200022211	518545.562634959,8579735.287062809,519779.27956598223,8580156.25	0.5	0.0	0	https://maxar-opendata.s3.amazonaws.com/events/Cyclone-Chido-Dec15/ard/38/300200022211/2024-07-19/1040010099B49500-visual.tif	https://maxar-opendata.s3.amazonaws.com/events/Cyclone-Chido-Dec15/ard/38/300200022211/2024-07-19/1040010099B49500-ms.tif	https://maxar-opendata.s3.amazonaws.com/events/Cyclone-Chido-Dec15/ard/38/300200022211/2024-07-19/1040010099B49500-pan.tif	https://maxar-opendata.s3.amazonaws.com/events/Cyclone-Chido-Dec15/ard/38/300200022211/2024-07-19/1040010099B49500-data-mask.gpkg	
2024-07-19 07:20:08+00:00	WV03	0.31	0.0.1	104001009ABAB800	38	300200022013	7.4	219.9	81.8	38.2	47.8	32738.0	MXRA-Z38-300200022013	518552.2321772938,8589843.75,518881.27933081804,8594637.374341412	1.5	0.1	11	https://maxar-opendata.s3.amazonaws.com/events/Cyclone-Chido-Dec15/ard/38/300200022013/2024-07-19/104001009ABAB800-visual.tif	https://maxar-opendata.s3.amazonaws.com/events/Cyclone-Chido-Dec15/ard/38/300200022013/2024-07-19/104001009ABAB800-ms.tif	https://maxar-opendata.s3.amazonaws.com/events/Cyclone-Chido-Dec15/ard/38/300200022013/2024-07-19/104001009ABAB800-pan.tif	https://maxar-opendata.s3.amazonaws.com/events/Cyclone-Chido-Dec15/ard/38/300200022013/2024-07-19/104001009ABAB800-data-mask.gpkg	
2024-07-19 07:20:09+00:00	WV03	0.31	0.0.1	104001009ABAB800	38	300200022031	7.5	220.3	81.7	38.2	47.7	32738.0	MXRA-Z38-300200022031	518548.93281287584,8584843.75,518862.60986328125,8590156.25	1.5	0.1	10	https://maxar-opendata.s3.amazonaws.com/events/Cyclone-Chido-Dec15/ard/38/300200022031/2024-07-19/104001009ABAB800-visual.tif	https://maxar-opendata.s3.amazonaws.com/events/Cyclone-Chido-Dec15/ard/38/300200022031/2024-07-19/104001009ABAB800-ms.tif	https://maxar-opendata.s3.amazonaws.com/events/Cyclone-Chido-Dec15/ard/38/300200022031/2024-07-19/104001009ABAB800-pan.tif	https://maxar-opendata.s3.amazonaws.com/events/Cyclone-Chido-Dec15/ard/38/300200022031/2024-07-19/104001009ABAB800-data-mask.gpkg	
2024-07-19 07:20:10+00:00	WV03	0.31	0.0.1	104001009ABAB800	38	300200022033	7.6	220.7	81.6	38.2	47.7	32738.0	MXRA-Z38-300200022033	518545.63344845787,8579843.75,518881.8359375,8585156.25	1.6	0.0	0	https://maxar-opendata.s3.amazonaws.com/events/Cyclone-Chido-Dec15/ard/38/300200022033/2024-07-19/104001009ABAB800-visual.tif	https://maxar-opendata.s3.amazonaws.com/events/Cyclone-Chido-Dec15/ard/38/300200022033/2024-07-19/104001009ABAB800-ms.tif	https://maxar-opendata.s3.amazonaws.com/events/Cyclone-Chido-Dec15/ard/38/300200022033/2024-07-19/104001009ABAB800-pan.tif	https://maxar-opendata.s3.amazonaws.com/events/Cyclone-Chido-Dec15/ard/38/300200022033/2024-07-19/104001009ABAB800-data-mask.gpkg	
2024-07-19 07:20:11+00:00	WV03	0.31	0.0.1	104001009ABAB800	38	300200022211	7.7	221.1	81.5	38.1	47.6	32738.0	MXRA-Z38-300200022211	518545.562634959,8579736.132463712,518879.08935546875,8580156.25	0.1	0.0	0	https://maxar-opendata.s3.amazonaws.com/events/Cyclone-Chido-Dec15/ard/38/300200022211/2024-07-19/104001009ABAB800-visual.tif	https://maxar-opendata.s3.amazonaws.com/events/Cyclone-Chido-Dec15/ard/38/300200022211/2024-07-19/104001009ABAB800-ms.tif	https://maxar-opendata.s3.amazonaws.com/events/Cyclone-Chido-Dec15/ard/38/300200022211/2024-07-19/104001009ABAB800-pan.tif	https://maxar-opendata.s3.amazonaws.com/events/Cyclone-Chido-Dec15/ard/38/300200022211/2024-07-19/104001009ABAB800-data-mask.gpkg	
2024-09-01 07:18:12+00:00	WV03	0.35	0.0.1	104001009BD3C900	38	211311112210	20.8	160.9	67.0	53.3	57.2	32738.0	MXRA-Z38-211311112210	429843.75,8654843.75,435156.25,8660156.25	28.2	0.5	1	https://maxar-opendata.s3.amazonaws.com/events/Cyclone-Chido-Dec15/ard/38/211311112210/2024-09-01/104001009BD3C900-visual.tif	https://maxar-opendata.s3.amazonaws.com/events/Cyclone-Chido-Dec15/ard/38/211311112210/2024-09-01/104001009BD3C900-ms.tif	https://maxar-opendata.s3.amazonaws.com/events/Cyclone-Chido-Dec15/ard/38/211311112210/2024-09-01/104001009BD3C900-pan.tif	https://maxar-opendata.s3.amazonaws.com/events/Cyclone-Chido-Dec15/ard/38/211311112210/2024-09-01/104001009BD3C900-data-mask.gpkg	
2024-09-13 07:20:15+00:00	WV03	0.35	0.0.1	104001009B1D0C00	38	211311112221	20.8	174.0	67.1	58.7	61.0	32738.0	MXRA-Z38-211311112221	428736.73884614144,8649707.490454247,430156.25,8650156.25	0.6	0.0	11	https://maxar-opendata.s3.amazonaws.com/events/Cyclone-Chido-Dec15/ard/38/211311112221/2024-09-13/104001009B1D0C00-visual.tif	https://maxar-opendata.s3.amazonaws.com/events/Cyclone-Chido-Dec15/ard/38/211311112221/2024-09-13/104001009B1D0C00-ms.tif	https://maxar-opendata.s3.amazonaws.com/events/Cyclone-Chido-Dec15/ard/38/211311112221/2024-09-13/104001009B1D0C00-pan.tif	https://maxar-opendata.s3.amazonaws.com/events/Cyclone-Chido-Dec15/ard/38/211311112221/2024-09-13/104001009B1D0C00-data-mask.gpkg	
2024-09-13 07:20:16+00:00	WV03	0.35	0.0.1	104001009B1D0C00	38	211311112203	21.5	174.5	66.3	58.8	61.0	32738.0	MXRA-Z38-211311112203	428724.69559801166,8649843.75,430156.25,8655156.25	7.5	0.5	7	https://maxar-opendata.s3.amazonaws.com/events/Cyclone-Chido-Dec15/ard/38/211311112203/2024-09-13/104001009B1D0C00-visual.tif	https://maxar-opendata.s3.amazonaws.com/events/Cyclone-Chido-Dec15/ard/38/211311112203/2024-09-13/104001009B1D0C00-ms.tif	https://maxar-opendata.s3.amazonaws.com/events/Cyclone-Chido-Dec15/ard/38/211311112203/2024-09-13/104001009B1D0C00-pan.tif	https://maxar-opendata.s3.amazonaws.com/events/Cyclone-Chido-Dec15/ard/38/211311112203/2024-09-13/104001009B1D0C00-data-mask.gpkg	
2024-09-13 07:20:28+00:00	WV03	0.39	0.0.1	104001009990E600	38	211311112122	27.9	181.1	59.1	58.7	61.2	32738.0	MXRA-Z38-211311112122	439843.75,8659843.75,440712.67790717736,8661654.716355693	1.5	0.8	52	https://maxar-opendata.s3.amazonaws.com/events/Cyclone-Chido-Dec15/ard/38/211311112122/2024-09-13/104001009990E600-visual.tif	https://maxar-opendata.s3.amazonaws.com/events/Cyclone-Chido-Dec15/ard/38/211311112122/2024-09-13/104001009990E600-ms.tif	https://maxar-opendata.s3.amazonaws.com/events/Cyclone-Chido-Dec15/ard/38/211311112122/2024-09-13/104001009990E600-pan.tif	https://maxar-opendata.s3.amazonaws.com/events/Cyclone-Chido-Dec15/ard/38/211311112122/2024-09-13/104001009990E600-data-mask.gpkg	
2024-09-13 07:20:30+00:00	WV03	0.39	0.0.1	104001009990E600	38	211311112320	27.7	181.5	59.3	58.5	61.2	32738.0	MXRA-Z38-211311112320	439843.75,8649732.096250623,440732.9296444432,8650156.25	0.3	0.0	0	https://maxar-opendata.s3.amazonaws.com/events/Cyclone-Chido-Dec15/ard/38/211311112320/2024-09-13/104001009990E600-visual.tif	https://maxar-opendata.s3.amazonaws.com/events/Cyclone-Chido-Dec15/ard/38/211311112320/2024-09-13/104001009990E600-ms.tif	https://maxar-opendata.s3.amazonaws.com/events/Cyclone-Chido-Dec15/ard/38/211311112320/2024-09-13/104001009990E600-pan.tif	https://maxar-opendata.s3.amazonaws.com/events/Cyclone-Chido-Dec15/ard/38/211311112320/2024-09-13/104001009990E600-data-mask.gpkg	
2024-11-22 07:21:01+00:00	WV02	0.55	0.0.1	1030010109005A00	37	300200122223	24.2	88.3	62.6	109.9	64.4	32737.0	MXRA-Z37-300200122223	664920.0439453125,8559843.75,670156.25,8563269.958496094	17.8	0.6	3	https://maxar-opendata.s3.amazonaws.com/events/Cyclone-Chido-Dec15/ard/37/300200122223/2024-11-22/1030010109005A00-visual.tif	https://maxar-opendata.s3.amazonaws.com/events/Cyclone-Chido-Dec15/ard/37/300200122223/2024-11-22/1030010109005A00-ms.tif	https://maxar-opendata.s3.amazonaws.com/events/Cyclone-Chido-Dec15/ard/37/300200122223/2024-11-22/1030010109005A00-pan.tif	https://maxar-opendata.s3.amazonaws.com/events/Cyclone-Chido-Dec15/ard/37/300200122223/2024-11-22/1030010109005A00-data-mask.gpkg	
2024-11-22 07:22:11+00:00	WV02	0.65	0.0.1	1030010109A55E00	37	300200122223	32.8	151.7	52.6	110.1	64.6	32737.0	MXRA-Z37-300200122223	664843.75,8559843.75,670156.25,8565156.25	28.2	1.3	4	https://maxar-opendata.s3.amazonaws.com/events/Cyclone-Chido-Dec15/ard/37/300200122223/2024-11-22/1030010109A55E00-visual.tif	https://maxar-opendata.s3.amazonaws.com/events/Cyclone-Chido-Dec15/ard/37/300200122223/2024-11-22/1030010109A55E00-ms.tif	https://maxar-opendata.s3.amazonaws.com/events/Cyclone-Chido-Dec15/ard/37/300200122223/2024-11-22/1030010109A55E00-pan.tif	https://maxar-opendata.s3.amazonaws.com/events/Cyclone-Chido-Dec15/ard/37/300200122223/2024-11-22/1030010109A55E00-data-mask.gpkg	
2024-12-14 07:25:29+00:00	WV02	0.58	0.0.1	103001010A3A8400	37	300200033313	26.8	152.6	59.6	116.0	62.6	32737.0	MXRA-Z37-300200033313	659560.7295844767,8569843.75,660156.25,8572068.75153058	1.3	0.0	0	https://maxar-opendata.s3.amazonaws.com/events/Cyclone-Chido-Dec15/ard/37/300200033313/2024-12-14/103001010A3A8400-visual.tif	https://maxar-opendata.s3.amazonaws.com/events/Cyclone-Chido-Dec15/ard/37/300200033313/2024-12-14/103001010A3A8400-ms.tif	https://maxar-opendata.s3.amazonaws.com/events/Cyclone-Chido-Dec15/ard/37/300200033313/2024-12-14/103001010A3A8400-pan.tif	https://maxar-opendata.s3.amazonaws.com/events/Cyclone-Chido-Dec15/ard/37/300200033313/2024-12-14/103001010A3A8400-data-mask.gpkg	
2024-12-14 07:25:29+00:00	WV02	0.58	0.0.1	103001010A3A8400	37	300200122202	26.7	153.0	59.7	116.0	62.6	32737.0	MXRA-Z37-300200122202	659843.75,8569843.75,665156.25,8572067.128298922	11.7	0.0	0	https://maxar-opendata.s3.amazonaws.com/events/Cyclone-Chido-Dec15/ard/37/300200122202/2024-12-14/103001010A3A8400-visual.tif	https://maxar-opendata.s3.amazonaws.com/events/Cyclone-Chido-Dec15/ard/37/300200122202/2024-12-14/103001010A3A8400-ms.tif	https://maxar-opendata.s3.amazonaws.com/events/Cyclone-Chido-Dec15/ard/37/300200122202/2024-12-14/103001010A3A8400-pan.tif	https://maxar-opendata.s3.amazonaws.com/events/Cyclone-Chido-Dec15/ard/37/300200122202/2024-12-14/103001010A3A8400-data-mask.gpkg	
2024-12-14 07:25:29+00:00	WV02	0.57	0.0.1	103001010A3A8400	37	300200122203	26.5	153.6	59.9	116.0	62.6	32737.0	MXRA-Z37-300200122203	664843.75,8569843.75,670156.25,8572037.089374151	11.5	0.0	0	https://maxar-opendata.s3.amazonaws.com/events/Cyclone-Chido-Dec15/ard/37/300200122203/2024-12-14/103001010A3A8400-visual.tif	https://maxar-opendata.s3.amazonaws.com/events/Cyclone-Chido-Dec15/ard/37/300200122203/2024-12-14/103001010A3A8400-ms.tif	https://maxar-opendata.s3.amazonaws.com/events/Cyclone-Chido-Dec15/ard/37/300200122203/2024-12-14/103001010A3A8400-pan.tif	https://maxar-opendata.s3.amazonaws.com/events/Cyclone-Chido-Dec15/ard/37/300200122203/2024-12-14/103001010A3A8400-data-mask.gpkg	
2024-12-14 07:25:29+00:00	WV02	0.57	0.0.1	103001010A3A8400	37	300200122212	26.4	154.2	60.1	116.0	62.6	32737.0	MXRA-Z37-300200122212	669843.75,8569843.75,674578.9700954696,8572007.05044938	10.1	0.0	0	https://maxar-opendata.s3.amazonaws.com/events/Cyclone-Chido-Dec15/ard/37/300200122212/2024-12-14/103001010A3A8400-visual.tif	https://maxar-opendata.s3.amazonaws.com/events/Cyclone-Chido-Dec15/ard/37/300200122212/2024-12-14/103001010A3A8400-ms.tif	https://maxar-opendata.s3.amazonaws.com/events/Cyclone-Chido-Dec15/ard/37/300200122212/2024-12-14/103001010A3A8400-pan.tif	https://maxar-opendata.s3.amazonaws.com/events/Cyclone-Chido-Dec15/ard/37/300200122212/2024-12-14/103001010A3A8400-data-mask.gpkg	
2024-12-14 07:25:29+00:00	WV02	0.57	0.0.1	103001010A3A8400	37	300200122220	26.6	153.0	59.9	116.0	62.6	32737.0	MXRA-Z37-300200122220	659843.75,8564843.75,665156.25,8570156.25	28.2	0.8	2	https://maxar-opendata.s3.amazonaws.com/events/Cyclone-Chido-Dec15/ard/37/300200122220/2024-12-14/103001010A3A8400-visual.tif	https://maxar-opendata.s3.amazonaws.com/events/Cyclone-Chido-Dec15/ard/37/300200122220/2024-12-14/103001010A3A8400-ms.tif	https://maxar-opendata.s3.amazonaws.com/events/Cyclone-Chido-Dec15/ard/37/300200122220/2024-12-14/103001010A3A8400-pan.tif	https://maxar-opendata.s3.amazonaws.com/events/Cyclone-Chido-Dec15/ard/37/300200122220/2024-12-14/103001010A3A8400-data-mask.gpkg	
2024-12-14 07:25:29+00:00	WV02	0.57	0.0.1	103001010A3A8400	37	300200122221	26.4	153.6	60.0	116.0	62.6	32737.0	MXRA-Z37-300200122221	664843.75,8564843.75,670156.25,8570156.25	28.2	0.3	1	https://maxar-opendata.s3.amazonaws.com/events/Cyclone-Chido-Dec15/ard/37/300200122221/2024-12-14/103001010A3A8400-visual.tif	https://maxar-opendata.s3.amazonaws.com/events/Cyclone-Chido-Dec15/ard/37/300200122221/2024-12-14/103001010A3A8400-ms.tif	https://maxar-opendata.s3.amazonaws.com/events/Cyclone-Chido-Dec15/ard/37/300200122221/2024-12-14/103001010A3A8400-pan.tif	https://maxar-opendata.s3.amazonaws.com/events/Cyclone-Chido-Dec15/ard/37/300200122221/2024-12-14/103001010A3A8400-data-mask.gpkg	
2024-12-14 07:25:29+00:00	WV02	0.57	0.0.1	103001010A3A8400	37	300200122230	26.3	154.2	60.2	116.0	62.6	32737.0	MXRA-Z37-300200122230	669843.75,8564843.75,674567.4713465679,8570156.25	25.0	0.0	0	https://maxar-opendata.s3.amazonaws.com/events/Cyclone-Chido-Dec15/ard/37/300200122230/2024-12-14/103001010A3A8400-visual.tif	https://maxar-opendata.s3.amazonaws.com/events/Cyclone-Chido-Dec15/ard/37/300200122230/2024-12-14/103001010A3A8400-ms.tif	https://maxar-opendata.s3.amazonaws.com/events/Cyclone-Chido-Dec15/ard/37/300200122230/2024-12-14/103001010A3A8400-pan.tif	https://maxar-opendata.s3.amazonaws.com/events/Cyclone-Chido-Dec15/ard/37/300200122230/2024-12-14/103001010A3A8400-data-mask.gpkg	
2024-12-14 07:25:30+00:00	WV02	0.58	0.0.1	103001010A3A8400	37	300200033331	26.7	152.5	59.8	116.0	62.6	32737.0	MXRA-Z37-300200033331	659531.8928116781,8564843.75,660156.25,8570156.25	3.2	0.4	15	https://maxar-opendata.s3.amazonaws.com/events/Cyclone-Chido-Dec15/ard/37/300200033331/2024-12-14/103001010A3A8400-visual.tif	https://maxar-opendata.s3.amazonaws.com/events/Cyclone-Chido-Dec15/ard/37/300200033331/2024-12-14/103001010A3A8400-ms.tif	https://maxar-opendata.s3.amazonaws.com/events/Cyclone-Chido-Dec15/ard/37/300200033331/2024-12-14/103001010A3A8400-pan.tif	https://maxar-opendata.s3.amazonaws.com/events/Cyclone-Chido-Dec15/ard/37/300200033331/2024-12-14/103001010A3A8400-data-mask.gpkg	
2024-12-14 07:25:30+00:00	WV02	0.57	0.0.1	103001010A3A8400	37	300200122223	26.3	153.5	60.2	116.0	62.6	32737.0	MXRA-Z37-300200122223	664843.75,8559843.75,670156.25,8565156.25	28.2	0.0	0	https://maxar-opendata.s3.amazonaws.com/events/Cyclone-Chido-Dec15/ard/37/300200122223/2024-12-14/103001010A3A8400-visual.tif	https://maxar-opendata.s3.amazonaws.com/events/Cyclone-Chido-Dec15/ard/37/300200122223/2024-12-14/103001010A3A8400-ms.tif	https://maxar-opendata.s3.amazonaws.com/events/Cyclone-Chido-Dec15/ard/37/300200122223/2024-12-14/103001010A3A8400-pan.tif	https://maxar-opendata.s3.amazonaws.com/events/Cyclone-Chido-Dec15/ard/37/300200122223/2024-12-14/103001010A3A8400-data-mask.gpkg	
2024-12-14 07:25:30+00:00	WV02	0.57	0.0.1	103001010A3A8400	37	300200122232	26.2	154.1	60.4	116.0	62.6	32737.0	MXRA-Z37-300200122232	669843.75,8559843.75,674535.9221529225,8565156.25	24.8	0.0	0	https://maxar-opendata.s3.amazonaws.com/events/Cyclone-Chido-Dec15/ard/37/300200122232/2024-12-14/103001010A3A8400-visual.tif	https://maxar-opendata.s3.amazonaws.com/events/Cyclone-Chido-Dec15/ard/37/300200122232/2024-12-14/103001010A3A8400-ms.tif	https://maxar-opendata.s3.amazonaws.com/events/Cyclone-Chido-Dec15/ard/37/300200122232/2024-12-14/103001010A3A8400-pan.tif	https://maxar-opendata.s3.amazonaws.com/events/Cyclone-Chido-Dec15/ard/37/300200122232/2024-12-14/103001010A3A8400-data-mask.gpkg	
2024-12-14 07:25:30+00:00	WV02	0.57	0.0.1	103001010A3A8400	37	300200300000	26.3	152.9	60.2	116.0	62.6	32737.0	MXRA-Z37-300200300000	659843.75,8557128.795721395,665156.25,8560156.25	15.9	0.0	0	https://maxar-opendata.s3.amazonaws.com/events/Cyclone-Chido-Dec15/ard/37/300200300000/2024-12-14/103001010A3A8400-visual.tif	https://maxar-opendata.s3.amazonaws.com/events/Cyclone-Chido-Dec15/ard/37/300200300000/2024-12-14/103001010A3A8400-ms.tif	https://maxar-opendata.s3.amazonaws.com/events/Cyclone-Chido-Dec15/ard/37/300200300000/2024-12-14/103001010A3A8400-pan.tif	https://maxar-opendata.s3.amazonaws.com/events/Cyclone-Chido-Dec15/ard/37/300200300000/2024-12-14/103001010A3A8400-data-mask.gpkg	
2024-12-14 07:25:30+00:00	WV02	0.57	0.0.1	103001010A3A8400	37	300200300001	26.2	153.5	60.3	116.0	62.6	32737.0	MXRA-Z37-300200300001	664843.75,8557098.448741237,670156.25,8560156.25	16.1	0.0	0	https://maxar-opendata.s3.amazonaws.com/events/Cyclone-Chido-Dec15/ard/37/300200300001/2024-12-14/103001010A3A8400-visual.tif	https://maxar-opendata.s3.amazonaws.com/events/Cyclone-Chido-Dec15/ard/37/300200300001/2024-12-14/103001010A3A8400-ms.tif	https://maxar-opendata.s3.amazonaws.com/events/Cyclone-Chido-Dec15/ard/37/300200300001/2024-12-14/103001010A3A8400-pan.tif	https://maxar-opendata.s3.amazonaws.com/events/Cyclone-Chido-Dec15/ard/37/300200300001/2024-12-14/103001010A3A8400-data-mask.gpkg	
2024-12-14 07:25:30+00:00	WV02	0.57	0.0.1	103001010A3A8400	37	300200300010	26.0	154.1	60.5	116.0	62.6	32737.0	MXRA-Z37-300200300010	669843.75,8557072.176371494,674504.3729592772,8560156.25	14.2	0.0	0	https://maxar-opendata.s3.amazonaws.com/events/Cyclone-Chido-Dec15/ard/37/300200300010/2024-12-14/103001010A3A8400-visual.tif	https://maxar-opendata.s3.amazonaws.com/events/Cyclone-Chido-Dec15/ard/37/300200300010/2024-12-14/103001010A3A8400-ms.tif	https://maxar-opendata.s3.amazonaws.com/events/Cyclone-Chido-Dec15/ard/37/300200300010/2024-12-14/103001010A3A8400-pan.tif	https://maxar-opendata.s3.amazonaws.com/events/Cyclone-Chido-Dec15/ard/37/300200300010/2024-12-14/103001010A3A8400-data-mask.gpkg	
2024-12-17 07:15:41+00:00	WV02	0.47	0.0.1	103001010A77E400	38	300200022122	6.2	4.8	83.1	117.8	64.1	32738.0	MXRA-Z38-300200022122	519843.75,8579843.75,525156.25,8585156.25	28.2	0.9	3	https://maxar-opendata.s3.amazonaws.com/events/Cyclone-Chido-Dec15/ard/38/300200022122/2024-12-17/103001010A77E400-visual.tif	https://maxar-opendata.s3.amazonaws.com/events/Cyclone-Chido-Dec15/ard/38/300200022122/2024-12-17/103001010A77E400-ms.tif	https://maxar-opendata.s3.amazonaws.com/events/Cyclone-Chido-Dec15/ard/38/300200022122/2024-12-17/103001010A77E400-pan.tif	https://maxar-opendata.s3.amazonaws.com/events/Cyclone-Chido-Dec15/ard/38/300200022122/2024-12-17/103001010A77E400-data-mask.gpkg	
2024-12-17 07:15:41+00:00	WV02	0.47	0.0.1	103001010A77E400	38	300200022123	6.1	66.1	83.1	117.8	64.1	32738.0	MXRA-Z38-300200022123	524843.75,8579843.75,530156.25,8585156.25	28.2	0.1	0	https://maxar-opendata.s3.amazonaws.com/events/Cyclone-Chido-Dec15/ard/38/300200022123/2024-12-17/103001010A77E400-visual.tif	https://maxar-opendata.s3.amazonaws.com/events/Cyclone-Chido-Dec15/ard/38/300200022123/2024-12-17/103001010A77E400-ms.tif	https://maxar-opendata.s3.amazonaws.com/events/Cyclone-Chido-Dec15/ard/38/300200022123/2024-12-17/103001010A77E400-pan.tif	https://maxar-opendata.s3.amazonaws.com/events/Cyclone-Chido-Dec15/ard/38/300200022123/2024-12-17/103001010A77E400-data-mask.gpkg	
2024-12-17 07:15:41+00:00	WV02	0.47	0.0.1	103001010A77E400	38	300200022132	6.1	347.3	83.1	117.8	64.1	32738.0	MXRA-Z38-300200022132	529843.75,8579843.75,533544.5723418245,8585156.25	19.6	0.0	0	https://maxar-opendata.s3.amazonaws.com/events/Cyclone-Chido-Dec15/ard/38/300200022132/2024-12-17/103001010A77E400-visual.tif	https://maxar-opendata.s3.amazonaws.com/events/Cyclone-Chido-Dec15/ard/38/300200022132/2024-12-17/103001010A77E400-ms.tif	https://maxar-opendata.s3.amazonaws.com/events/Cyclone-Chido-Dec15/ard/38/300200022132/2024-12-17/103001010A77E400-pan.tif	https://maxar-opendata.s3.amazonaws.com/events/Cyclone-Chido-Dec15/ard/38/300200022132/2024-12-17/103001010A77E400-data-mask.gpkg	
2024-12-17 07:15:42+00:00	WV02	0.47	0.0.1	103001010A77E400	38	300200022300	6.3	4.2	83.0	117.7	64.1	32738.0	MXRA-Z38-300200022300	519843.75,8579730.278933259,525156.25,8580156.25	2.2	0.0	0	https://maxar-opendata.s3.amazonaws.com/events/Cyclone-Chido-Dec15/ard/38/300200022300/2024-12-17/103001010A77E400-visual.tif	https://maxar-opendata.s3.amazonaws.com/events/Cyclone-Chido-Dec15/ard/38/300200022300/2024-12-17/103001010A77E400-ms.tif	https://maxar-opendata.s3.amazonaws.com/events/Cyclone-Chido-Dec15/ard/38/300200022300/2024-12-17/103001010A77E400-pan.tif	https://maxar-opendata.s3.amazonaws.com/events/Cyclone-Chido-Dec15/ard/38/300200022300/2024-12-17/103001010A77E400-data-mask.gpkg	
2024-12-28 07:17:44+00:00	WV02	0.6	0.0.1	103001010B00CA00	37	300200122212	28.7	102.7	57.4	114.2	59.3		MXRA-Z37-300200122212	669843.75,8569843.75,674578.9700954696,8572007.05044938	10.1	0.0	0	https://maxar-opendata.s3.amazonaws.com/events/Cyclone-Chido-Dec15/ard/37/300200122212/2024-12-28/103001010B00CA00-visual.tif	https://maxar-opendata.s3.amazonaws.com/events/Cyclone-Chido-Dec15/ard/37/300200122212/2024-12-28/103001010B00CA00-ms.tif	https://maxar-opendata.s3.amazonaws.com/events/Cyclone-Chido-Dec15/ard/37/300200122212/2024-12-28/103001010B00CA00-pan.tif	https://maxar-opendata.s3.amazonaws.com/events/Cyclone-Chido-Dec15/ard/37/300200122212/2024-12-28/103001010B00CA00-data-mask.gpkg	EPSG:32737
2024-12-28 07:17:44+00:00	WV02	0.6	0.0.1	103001010B00CA00	37	300200122221	28.9	102.4	57.1	114.1	59.3		MXRA-Z37-300200122221	664843.75,8564843.75,670156.25,8570156.25	28.2	0.3	1	https://maxar-opendata.s3.amazonaws.com/events/Cyclone-Chido-Dec15/ard/37/300200122221/2024-12-28/103001010B00CA00-visual.tif	https://maxar-opendata.s3.amazonaws.com/events/Cyclone-Chido-Dec15/ard/37/300200122221/2024-12-28/103001010B00CA00-ms.tif	https://maxar-opendata.s3.amazonaws.com/events/Cyclone-Chido-Dec15/ard/37/300200122221/2024-12-28/103001010B00CA00-pan.tif	https://maxar-opendata.s3.amazonaws.com/events/Cyclone-Chido-Dec15/ard/37/300200122221/2024-12-28/103001010B00CA00-data-mask.gpkg	EPSG:32737
2024-12-28 07:17:44+00:00	WV02	0.6	0.0.1	103001010B00CA00	37	300200122230	28.7	102.5	57.4	114.1	59.3		MXRA-Z37-300200122230	669843.75,8564843.75,674567.4713465679,8570156.25	25.0	0.0	0	https://maxar-opendata.s3.amazonaws.com/events/Cyclone-Chido-Dec15/ard/37/300200122230/2024-12-28/103001010B00CA00-visual.tif	https://maxar-opendata.s3.amazonaws.com/events/Cyclone-Chido-Dec15/ard/37/300200122230/2024-12-28/103001010B00CA00-ms.tif	https://maxar-opendata.s3.amazonaws.com/events/Cyclone-Chido-Dec15/ard/37/300200122230/2024-12-28/103001010B00CA00-pan.tif	https://maxar-opendata.s3.amazonaws.com/events/Cyclone-Chido-Dec15/ard/37/300200122230/2024-12-28/103001010B00CA00-data-mask.gpkg	EPSG:32737
2024-12-28 07:17:45+00:00	WV02	0.6	0.0.1	103001010B00CA00	37	300200033333	29.4	102.0	56.6	114.0	59.3		MXRA-Z37-300200033333	659503.0560388794,8559843.75,660156.25,8565156.25	3.3	0.1	4	https://maxar-opendata.s3.amazonaws.com/events/Cyclone-Chido-Dec15/ard/37/300200033333/2024-12-28/103001010B00CA00-visual.tif	https://maxar-opendata.s3.amazonaws.com/events/Cyclone-Chido-Dec15/ard/37/300200033333/2024-12-28/103001010B00CA00-ms.tif	https://maxar-opendata.s3.amazonaws.com/events/Cyclone-Chido-Dec15/ard/37/300200033333/2024-12-28/103001010B00CA00-pan.tif	https://maxar-opendata.s3.amazonaws.com/events/Cyclone-Chido-Dec15/ard/37/300200033333/2024-12-28/103001010B00CA00-data-mask.gpkg	EPSG:32737
2024-12-28 07:17:45+00:00	WV02	0.6	0.0.1	103001010B00CA00	37	300200122223	28.9	102.2	57.2	114.0	59.3		MXRA-Z37-300200122223	664843.75,8559843.75,670156.25,8565156.25	28.2	0.0	0	https://maxar-opendata.s3.amazonaws.com/events/Cyclone-Chido-Dec15/ard/37/300200122223/2024-12-28/103001010B00CA00-visual.tif	https://maxar-opendata.s3.amazonaws.com/events/Cyclone-Chido-Dec15/ard/37/300200122223/2024-12-28/103001010B00CA00-ms.tif	https://maxar-opendata.s3.amazonaws.com/events/Cyclone-Chido-Dec15/ard/37/300200122223/2024-12-28/103001010B00CA00-pan.tif	https://maxar-opendata.s3.amazonaws.com/events/Cyclone-Chido-Dec15/ard/37/300200122223/2024-12-28/103001010B00CA00-data-mask.gpkg	EPSG:32737
2024-12-28 07:17:45+00:00	WV02	0.59	0.0.1	103001010B00CA00	37	300200122232	28.6	102.3	57.5	114.0	59.3		MXRA-Z37-300200122232	669843.75,8559843.75,674535.9221529225,8565156.25	24.8	0.0	0	https://maxar-opendata.s3.amazonaws.com/events/Cyclone-Chido-Dec15/ard/37/300200122232/2024-12-28/103001010B00CA00-visual.tif	https://maxar-opendata.s3.amazonaws.com/events/Cyclone-Chido-Dec15/ard/37/300200122232/2024-12-28/103001010B00CA00-ms.tif	https://maxar-opendata.s3.amazonaws.com/events/Cyclone-Chido-Dec15/ard/37/300200122232/2024-12-28/103001010B00CA00-pan.tif	https://maxar-opendata.s3.amazonaws.com/events/Cyclone-Chido-Dec15/ard/37/300200122232/2024-12-28/103001010B00CA00-data-mask.gpkg	EPSG:32737
2024-12-28 07:17:45+00:00	WV02	0.6	0.0.1	103001010B00CA00	37	300200211111	29.3	101.7	56.7	114.0	59.3		MXRA-Z37-300200211111	659487.5963625276,8557159.142701551,660156.25,8560156.25	1.9	0.0	0	https://maxar-opendata.s3.amazonaws.com/events/Cyclone-Chido-Dec15/ard/37/300200211111/2024-12-28/103001010B00CA00-visual.tif	https://maxar-opendata.s3.amazonaws.com/events/Cyclone-Chido-Dec15/ard/37/300200211111/2024-12-28/103001010B00CA00-ms.tif	https://maxar-opendata.s3.amazonaws.com/events/Cyclone-Chido-Dec15/ard/37/300200211111/2024-12-28/103001010B00CA00-pan.tif	https://maxar-opendata.s3.amazonaws.com/events/Cyclone-Chido-Dec15/ard/37/300200211111/2024-12-28/103001010B00CA00-data-mask.gpkg	EPSG:32737
2024-12-28 07:17:45+00:00	WV02	0.6	0.0.1	103001010B00CA00	37	300200300001	28.8	101.9	57.3	114.0	59.3		MXRA-Z37-300200300001	664843.75,8557098.448741237,670156.25,8560156.25	16.1	0.1	0	https://maxar-opendata.s3.amazonaws.com/events/Cyclone-Chido-Dec15/ard/37/300200300001/2024-12-28/103001010B00CA00-visual.tif	https://maxar-opendata.s3.amazonaws.com/events/Cyclone-Chido-Dec15/ard/37/300200300001/2024-12-28/103001010B00CA00-ms.tif	https://maxar-opendata.s3.amazonaws.com/events/Cyclone-Chido-Dec15/ard/37/300200300001/2024-12-28/103001010B00CA00-pan.tif	https://maxar-opendata.s3.amazonaws.com/events/Cyclone-Chido-Dec15/ard/37/300200300001/2024-12-28/103001010B00CA00-data-mask.gpkg	EPSG:32737
2024-12-28 07:17:45+00:00	WV02	0.59	0.0.1	103001010B00CA00	37	300200300010	28.5	102.0	57.6	114.0	59.3		MXRA-Z37-300200300010	669843.75,8557072.176371494,674504.3729592772,8560156.25	14.2	0.0	0	https://maxar-opendata.s3.amazonaws.com/events/Cyclone-Chido-Dec15/ard/37/300200300010/2024-12-28/103001010B00CA00-visual.tif	https://maxar-opendata.s3.amazonaws.com/events/Cyclone-Chido-Dec15/ard/37/300200300010/2024-12-28/103001010B00CA00-ms.tif	https://maxar-opendata.s3.amazonaws.com/events/Cyclone-Chido-Dec15/ard/37/300200300010/2024-12-28/103001010B00CA00-pan.tif	https://maxar-opendata.s3.amazonaws.com/events/Cyclone-Chido-Dec15/ard/37/300200300010/2024-12-28/103001010B00CA00-data-mask.gpkg	EPSG:32737
2024-12-31 07:08:59+00:00	WV02	0.49	0.0.1	103001010B4C5600	38	300200022103	13.4	121.2	74.9	115.0	61.2		MXRA-Z38-300200022103	524843.75,8589843.75,530156.25,8593249.51171875	17.6	0.0	0	https://maxar-opendata.s3.amazonaws.com/events/Cyclone-Chido-Dec15/ard/38/300200022103/2024-12-31/103001010B4C5600-visual.tif	https://maxar-opendata.s3.amazonaws.com/events/Cyclone-Chido-Dec15/ard/38/300200022103/2024-12-31/103001010B4C5600-ms.tif	https://maxar-opendata.s3.amazonaws.com/events/Cyclone-Chido-Dec15/ard/38/300200022103/2024-12-31/103001010B4C5600-pan.tif	https://maxar-opendata.s3.amazonaws.com/events/Cyclone-Chido-Dec15/ard/38/300200022103/2024-12-31/103001010B4C5600-data-mask.gpkg	EPSG:32738
2024-12-31 07:08:59+00:00	WV02	0.49	0.0.1	103001010B4C5600	38	300200022130	13.1	121.6	75.3	115.0	61.2		MXRA-Z38-300200022130	529843.75,8584843.75,533550.5389871837,8590156.25	19.6	0.0	0	https://maxar-opendata.s3.amazonaws.com/events/Cyclone-Chido-Dec15/ard/38/300200022130/2024-12-31/103001010B4C5600-visual.tif	https://maxar-opendata.s3.amazonaws.com/events/Cyclone-Chido-Dec15/ard/38/300200022130/2024-12-31/103001010B4C5600-ms.tif	https://maxar-opendata.s3.amazonaws.com/events/Cyclone-Chido-Dec15/ard/38/300200022130/2024-12-31/103001010B4C5600-pan.tif	https://maxar-opendata.s3.amazonaws.com/events/Cyclone-Chido-Dec15/ard/38/300200022130/2024-12-31/103001010B4C5600-data-mask.gpkg	EPSG:32738
2024-12-31 07:09:00+00:00	WV02	0.49	0.0.1	103001010B4C5600	38	300200022132	13.0	121.3	75.4	114.9	61.2		MXRA-Z38-300200022132	529843.75,8579843.75,533544.5723418245,8585156.25	19.6	1.6	8	https://maxar-opendata.s3.amazonaws.com/events/Cyclone-Chido-Dec15/ard/38/300200022132/2024-12-31/103001010B4C5600-visual.tif	https://maxar-opendata.s3.amazonaws.com/events/Cyclone-Chido-Dec15/ard/38/300200022132/2024-12-31/103001010B4C5600-ms.tif	https://maxar-opendata.s3.amazonaws.com/events/Cyclone-Chido-Dec15/ard/38/300200022132/2024-12-31/103001010B4C5600-pan.tif	https://maxar-opendata.s3.amazonaws.com/events/Cyclone-Chido-Dec15/ard/38/300200022132/2024-12-31/103001010B4C5600-data-mask.gpkg	EPSG:32738
2024-12-31 07:09:00+00:00	WV02	0.49	0.0.1	103001010B4C5600	38	300200022301	13.1	120.4	75.3	114.9	61.2		MXRA-Z38-300200022301	524843.75,8579725.621915324,530156.25,8580156.25	2.2	0.5	24	https://maxar-opendata.s3.amazonaws.com/events/Cyclone-Chido-Dec15/ard/38/300200022301/2024-12-31/103001010B4C5600-visual.tif	https://maxar-opendata.s3.amazonaws.com/events/Cyclone-Chido-Dec15/ard/38/300200022301/2024-12-31/103001010B4C5600-ms.tif	https://maxar-opendata.s3.amazonaws.com/events/Cyclone-Chido-Dec15/ard/38/300200022301/2024-12-31/103001010B4C5600-pan.tif	https://maxar-opendata.s3.amazonaws.com/events/Cyclone-Chido-Dec15/ard/38/300200022301/2024-12-31/103001010B4C5600-data-mask.gpkg	EPSG:32738
2024-12-31 07:09:00+00:00	WV02	0.49	0.0.1	103001010B4C5600	38	300200022310	12.9	121.0	75.5	114.9	61.2		MXRA-Z38-300200022310	529843.75,8579722.472059226,533538.6056964654,8580156.25	1.5	0.0	0	https://maxar-opendata.s3.amazonaws.com/events/Cyclone-Chido-Dec15/ard/38/300200022310/2024-12-31/103001010B4C5600-visual.tif	https://maxar-opendata.s3.amazonaws.com/events/Cyclone-Chido-Dec15/ard/38/300200022310/2024-12-31/103001010B4C5600-ms.tif	https://maxar-opendata.s3.amazonaws.com/events/Cyclone-Chido-Dec15/ard/38/300200022310/2024-12-31/103001010B4C5600-pan.tif	https://maxar-opendata.s3.amazonaws.com/events/Cyclone-Chido-Dec15/ard/38/300200022310/2024-12-31/103001010B4C5600-data-mask.gpkg	EPSG:32738
2025-01-01 07:22:20+00:00	WV03	0.37	0.0.1	104001009F6F0800	38	300200022112	24.9	347.5	62.5	116.9	64.2		MXRA-Z38-300200022112	530274.658203125,8589843.75,533555.8699425147,8594626.561182396	15.6	0.0	0	https://maxar-opendata.s3.amazonaws.com/events/Cyclone-Chido-Dec15/ard/38/300200022112/2025-01-01/104001009F6F0800-visual.tif	https://maxar-opendata.s3.amazonaws.com/events/Cyclone-Chido-Dec15/ard/38/300200022112/2025-01-01/104001009F6F0800-ms.tif	https://maxar-opendata.s3.amazonaws.com/events/Cyclone-Chido-Dec15/ard/38/300200022112/2025-01-01/104001009F6F0800-pan.tif	https://maxar-opendata.s3.amazonaws.com/events/Cyclone-Chido-Dec15/ard/38/300200022112/2025-01-01/104001009F6F0800-data-mask.gpkg	EPSG:32738
2025-01-01 07:22:20+00:00	WV03	0.37	0.0.1	104001009F6F0800	38	300200022130	24.9	347.3	62.4	116.8	64.2		MXRA-Z38-300200022130	530261.5356445312,8584843.75,533550.5389871837,8590156.25	17.4	0.0	0	https://maxar-opendata.s3.amazonaws.com/events/Cyclone-Chido-Dec15/ard/38/300200022130/2025-01-01/104001009F6F0800-visual.tif	https://maxar-opendata.s3.amazonaws.com/events/Cyclone-Chido-Dec15/ard/38/300200022130/2025-01-01/104001009F6F0800-ms.tif	https://maxar-opendata.s3.amazonaws.com/events/Cyclone-Chido-Dec15/ard/38/300200022130/2025-01-01/104001009F6F0800-pan.tif	https://maxar-opendata.s3.amazonaws.com/events/Cyclone-Chido-Dec15/ard/38/300200022130/2025-01-01/104001009F6F0800-data-mask.gpkg	EPSG:32738
2025-01-01 07:22:21+00:00	WV03	0.37	0.0.1	104001009F6F0800	38	300200022132	25.0	347.2	62.4	116.8	64.2		MXRA-Z38-300200022132	530250.8544921875,8579843.75,533544.5723418245,8585156.25	17.4	0.0	0	https://maxar-opendata.s3.amazonaws.com/events/Cyclone-Chido-Dec15/ard/38/300200022132/2025-01-01/104001009F6F0800-visual.tif	https://maxar-opendata.s3.amazonaws.com/events/Cyclone-Chido-Dec15/ard/38/300200022132/2025-01-01/104001009F6F0800-ms.tif	https://maxar-opendata.s3.amazonaws.com/events/Cyclone-Chido-Dec15/ard/38/300200022132/2025-01-01/104001009F6F0800-pan.tif	https://maxar-opendata.s3.amazonaws.com/events/Cyclone-Chido-Dec15/ard/38/300200022132/2025-01-01/104001009F6F0800-data-mask.gpkg	EPSG:32738
2025-01-01 07:22:22+00:00	WV03	0.37	0.0.1	104001009F6F0800	38	300200022310	25.1	347.0	62.3	116.7	64.2		MXRA-Z38-300200022310	530250.4256627063,8579722.472059226,533538.6056964654,8580156.25	1.4	0.0	0	https://maxar-opendata.s3.amazonaws.com/events/Cyclone-Chido-Dec15/ard/38/300200022310/2025-01-01/104001009F6F0800-visual.tif	https://maxar-opendata.s3.amazonaws.com/events/Cyclone-Chido-Dec15/ard/38/300200022310/2025-01-01/104001009F6F0800-ms.tif	https://maxar-opendata.s3.amazonaws.com/events/Cyclone-Chido-Dec15/ard/38/300200022310/2025-01-01/104001009F6F0800-pan.tif	https://maxar-opendata.s3.amazonaws.com/events/Cyclone-Chido-Dec15/ard/38/300200022310/2025-01-01/104001009F6F0800-data-mask.gpkg	EPSG:32738
