datetime	platform	gsd	ard_metadata_version	catalog_id	utm_zone	quadkey	view:off_nadir	view:azimuth	view:incidence_angle	view:sun_azimuth	view:sun_elevation	grid:code	proj:bbox	tile:data_area	tile:clouds_area	tile:clouds_percent	proj:code	visual	ms_analytic	pan_analytic	data-mask
2025-12-01 05:06:11+00:00	GE01	0.44	0.0.1	1050010045765700	44	033313123233	17.5	30.2	70.6	145.7	54.6	MXRA-Z44-033313123233	395158.38623046875,804259.3383789062,400156.25,805156.25	3.8	0.8	22	EPSG:32644	https://maxar-opendata.s3.amazonaws.com/events/Cyclone-Ditwah-Sri-Lanka-Nov-2025/ard/44/033313123233/2025-12-01/1050010045765700-visual.tif	https://maxar-opendata.s3.amazonaws.com/events/Cyclone-Ditwah-Sri-Lanka-Nov-2025/ard/44/033313123233/2025-12-01/1050010045765700-ms.tif	https://maxar-opendata.s3.amazonaws.com/events/Cyclone-Ditwah-Sri-Lanka-Nov-2025/ard/44/033313123233/2025-12-01/1050010045765700-pan.tif	https://maxar-opendata.s3.amazonaws.com/events/Cyclone-Ditwah-Sri-Lanka-Nov-2025/ard/44/033313123233/2025-12-01/1050010045765700-data-mask.gpkg
2025-12-01 05:06:11+00:00	GE01	0.44	0.0.1	1050010045765700	44	033313123320	17.1	29.4	71.0	145.7	54.6	MXRA-Z44-033313123320	399843.75,804843.75,405156.25,810156.25	28.2	1.4	5	EPSG:32644	https://maxar-opendata.s3.amazonaws.com/events/Cyclone-Ditwah-Sri-Lanka-Nov-2025/ard/44/033313123320/2025-12-01/1050010045765700-visual.tif	https://maxar-opendata.s3.amazonaws.com/events/Cyclone-Ditwah-Sri-Lanka-Nov-2025/ard/44/033313123320/2025-12-01/1050010045765700-ms.tif	https://maxar-opendata.s3.amazonaws.com/events/Cyclone-Ditwah-Sri-Lanka-Nov-2025/ard/44/033313123320/2025-12-01/1050010045765700-pan.tif	https://maxar-opendata.s3.amazonaws.com/events/Cyclone-Ditwah-Sri-Lanka-Nov-2025/ard/44/033313123320/2025-12-01/1050010045765700-data-mask.gpkg
2025-12-01 05:06:11+00:00	GE01	0.44	0.0.1	1050010045765700	44	033313123321	16.9	28.2	71.2	145.7	54.6	MXRA-Z44-033313123321	404843.75,804843.75,410156.25,810156.25	27.9	0.4	1	EPSG:32644	https://maxar-opendata.s3.amazonaws.com/events/Cyclone-Ditwah-Sri-Lanka-Nov-2025/ard/44/033313123321/2025-12-01/1050010045765700-visual.tif	https://maxar-opendata.s3.amazonaws.com/events/Cyclone-Ditwah-Sri-Lanka-Nov-2025/ard/44/033313123321/2025-12-01/1050010045765700-ms.tif	https://maxar-opendata.s3.amazonaws.com/events/Cyclone-Ditwah-Sri-Lanka-Nov-2025/ard/44/033313123321/2025-12-01/1050010045765700-pan.tif	https://maxar-opendata.s3.amazonaws.com/events/Cyclone-Ditwah-Sri-Lanka-Nov-2025/ard/44/033313123321/2025-12-01/1050010045765700-data-mask.gpkg
2025-12-01 05:06:11+00:00	GE01	0.44	0.0.1	1050010045765700	44	033313123322	17.3	29.1	70.8	145.7	54.6	MXRA-Z44-033313123322	399843.75,804510.498046875,405156.25,805156.25	2.7	0.0	0	EPSG:32644	https://maxar-opendata.s3.amazonaws.com/events/Cyclone-Ditwah-Sri-Lanka-Nov-2025/ard/44/033313123322/2025-12-01/1050010045765700-visual.tif	https://maxar-opendata.s3.amazonaws.com/events/Cyclone-Ditwah-Sri-Lanka-Nov-2025/ard/44/033313123322/2025-12-01/1050010045765700-ms.tif	https://maxar-opendata.s3.amazonaws.com/events/Cyclone-Ditwah-Sri-Lanka-Nov-2025/ard/44/033313123322/2025-12-01/1050010045765700-pan.tif	https://maxar-opendata.s3.amazonaws.com/events/Cyclone-Ditwah-Sri-Lanka-Nov-2025/ard/44/033313123322/2025-12-01/1050010045765700-data-mask.gpkg
2025-12-01 05:06:11+00:00	GE01	0.44	0.0.1	1050010045765700	44	033313123323	17.1	27.9	71.0	145.7	54.6	MXRA-Z44-033313123323	404843.75,804743.9575195312,410156.25,805156.25	1.4	0.0	0	EPSG:32644	https://maxar-opendata.s3.amazonaws.com/events/Cyclone-Ditwah-Sri-Lanka-Nov-2025/ard/44/033313123323/2025-12-01/1050010045765700-visual.tif	https://maxar-opendata.s3.amazonaws.com/events/Cyclone-Ditwah-Sri-Lanka-Nov-2025/ard/44/033313123323/2025-12-01/1050010045765700-ms.tif	https://maxar-opendata.s3.amazonaws.com/events/Cyclone-Ditwah-Sri-Lanka-Nov-2025/ard/44/033313123323/2025-12-01/1050010045765700-pan.tif	https://maxar-opendata.s3.amazonaws.com/events/Cyclone-Ditwah-Sri-Lanka-Nov-2025/ard/44/033313123323/2025-12-01/1050010045765700-data-mask.gpkg
2025-12-01 05:06:11+00:00	GE01	0.44	0.0.1	1050010045765700	44	033313123330	16.8	27.7	71.3	145.7	54.6	MXRA-Z44-033313123330	409843.75,804993.2861328125,411573.18115234375,810156.25	8.7	0.0	0	EPSG:32644	https://maxar-opendata.s3.amazonaws.com/events/Cyclone-Ditwah-Sri-Lanka-Nov-2025/ard/44/033313123330/2025-12-01/1050010045765700-visual.tif	https://maxar-opendata.s3.amazonaws.com/events/Cyclone-Ditwah-Sri-Lanka-Nov-2025/ard/44/033313123330/2025-12-01/1050010045765700-ms.tif	https://maxar-opendata.s3.amazonaws.com/events/Cyclone-Ditwah-Sri-Lanka-Nov-2025/ard/44/033313123330/2025-12-01/1050010045765700-pan.tif	https://maxar-opendata.s3.amazonaws.com/events/Cyclone-Ditwah-Sri-Lanka-Nov-2025/ard/44/033313123330/2025-12-01/1050010045765700-data-mask.gpkg
2025-12-01 05:06:12+00:00	GE01	0.44	0.0.1	1050010045765700	44	033313123231	17.2	30.5	70.8	145.7	54.6	MXRA-Z44-033313123231	395162.353515625,804843.75,400156.25,810156.25	26.3	4.6	17	EPSG:32644	https://maxar-opendata.s3.amazonaws.com/events/Cyclone-Ditwah-Sri-Lanka-Nov-2025/ard/44/033313123231/2025-12-01/1050010045765700-visual.tif	https://maxar-opendata.s3.amazonaws.com/events/Cyclone-Ditwah-Sri-Lanka-Nov-2025/ard/44/033313123231/2025-12-01/1050010045765700-ms.tif	https://maxar-opendata.s3.amazonaws.com/events/Cyclone-Ditwah-Sri-Lanka-Nov-2025/ard/44/033313123231/2025-12-01/1050010045765700-pan.tif	https://maxar-opendata.s3.amazonaws.com/events/Cyclone-Ditwah-Sri-Lanka-Nov-2025/ard/44/033313123231/2025-12-01/1050010045765700-data-mask.gpkg
2025-12-01 05:06:13+00:00	GE01	0.44	0.0.1	1050010045765700	44	033313123213	16.4	32.0	71.8	145.8	54.5	MXRA-Z44-033313123213	395220.64208984375,809843.75,400156.25,815156.25	26.0	6.6	25	EPSG:32644	https://maxar-opendata.s3.amazonaws.com/events/Cyclone-Ditwah-Sri-Lanka-Nov-2025/ard/44/033313123213/2025-12-01/1050010045765700-visual.tif	https://maxar-opendata.s3.amazonaws.com/events/Cyclone-Ditwah-Sri-Lanka-Nov-2025/ard/44/033313123213/2025-12-01/1050010045765700-ms.tif	https://maxar-opendata.s3.amazonaws.com/events/Cyclone-Ditwah-Sri-Lanka-Nov-2025/ard/44/033313123213/2025-12-01/1050010045765700-pan.tif	https://maxar-opendata.s3.amazonaws.com/events/Cyclone-Ditwah-Sri-Lanka-Nov-2025/ard/44/033313123213/2025-12-01/1050010045765700-data-mask.gpkg
2025-12-01 05:06:13+00:00	GE01	0.44	0.0.1	1050010045765700	44	033313123302	16.2	30.8	72.0	145.8	54.5	MXRA-Z44-033313123302	399843.75,809843.75,405156.25,815156.25	28.2	4.3	15	EPSG:32644	https://maxar-opendata.s3.amazonaws.com/events/Cyclone-Ditwah-Sri-Lanka-Nov-2025/ard/44/033313123302/2025-12-01/1050010045765700-visual.tif	https://maxar-opendata.s3.amazonaws.com/events/Cyclone-Ditwah-Sri-Lanka-Nov-2025/ard/44/033313123302/2025-12-01/1050010045765700-ms.tif	https://maxar-opendata.s3.amazonaws.com/events/Cyclone-Ditwah-Sri-Lanka-Nov-2025/ard/44/033313123302/2025-12-01/1050010045765700-pan.tif	https://maxar-opendata.s3.amazonaws.com/events/Cyclone-Ditwah-Sri-Lanka-Nov-2025/ard/44/033313123302/2025-12-01/1050010045765700-data-mask.gpkg
2025-12-01 05:06:13+00:00	GE01	0.44	0.0.1	1050010045765700	44	033313123303	16.0	29.5	72.2	145.8	54.5	MXRA-Z44-033313123303	404843.75,809843.75,410156.25,815156.25	28.2	0.2	0	EPSG:32644	https://maxar-opendata.s3.amazonaws.com/events/Cyclone-Ditwah-Sri-Lanka-Nov-2025/ard/44/033313123303/2025-12-01/1050010045765700-visual.tif	https://maxar-opendata.s3.amazonaws.com/events/Cyclone-Ditwah-Sri-Lanka-Nov-2025/ard/44/033313123303/2025-12-01/1050010045765700-ms.tif	https://maxar-opendata.s3.amazonaws.com/events/Cyclone-Ditwah-Sri-Lanka-Nov-2025/ard/44/033313123303/2025-12-01/1050010045765700-pan.tif	https://maxar-opendata.s3.amazonaws.com/events/Cyclone-Ditwah-Sri-Lanka-Nov-2025/ard/44/033313123303/2025-12-01/1050010045765700-data-mask.gpkg
2025-12-01 05:06:13+00:00	GE01	0.44	0.0.1	1050010045765700	44	033313123312	16.0	28.8	72.3	145.8	54.5	MXRA-Z44-033313123312	409843.75,809843.75,411528.3203125,815156.25	8.8	0.1	2	EPSG:32644	https://maxar-opendata.s3.amazonaws.com/events/Cyclone-Ditwah-Sri-Lanka-Nov-2025/ard/44/033313123312/2025-12-01/1050010045765700-visual.tif	https://maxar-opendata.s3.amazonaws.com/events/Cyclone-Ditwah-Sri-Lanka-Nov-2025/ard/44/033313123312/2025-12-01/1050010045765700-ms.tif	https://maxar-opendata.s3.amazonaws.com/events/Cyclone-Ditwah-Sri-Lanka-Nov-2025/ard/44/033313123312/2025-12-01/1050010045765700-pan.tif	https://maxar-opendata.s3.amazonaws.com/events/Cyclone-Ditwah-Sri-Lanka-Nov-2025/ard/44/033313123312/2025-12-01/1050010045765700-data-mask.gpkg
2025-12-01 05:06:14+00:00	GE01	0.44	0.0.1	1050010045765700	44	033313123211	15.5	33.6	72.8	145.8	54.5	MXRA-Z44-033313123211	395272.52197265625,814843.75,400156.25,820156.25	25.7	9.0	35	EPSG:32644	https://maxar-opendata.s3.amazonaws.com/events/Cyclone-Ditwah-Sri-Lanka-Nov-2025/ard/44/033313123211/2025-12-01/1050010045765700-visual.tif	https://maxar-opendata.s3.amazonaws.com/events/Cyclone-Ditwah-Sri-Lanka-Nov-2025/ard/44/033313123211/2025-12-01/1050010045765700-ms.tif	https://maxar-opendata.s3.amazonaws.com/events/Cyclone-Ditwah-Sri-Lanka-Nov-2025/ard/44/033313123211/2025-12-01/1050010045765700-pan.tif	https://maxar-opendata.s3.amazonaws.com/events/Cyclone-Ditwah-Sri-Lanka-Nov-2025/ard/44/033313123211/2025-12-01/1050010045765700-data-mask.gpkg
2025-12-01 05:06:14+00:00	GE01	0.44	0.0.1	1050010045765700	44	033313123300	15.3	32.3	73.0	145.8	54.5	MXRA-Z44-033313123300	399843.75,814843.75,405156.25,820156.25	28.2	7.2	25	EPSG:32644	https://maxar-opendata.s3.amazonaws.com/events/Cyclone-Ditwah-Sri-Lanka-Nov-2025/ard/44/033313123300/2025-12-01/1050010045765700-visual.tif	https://maxar-opendata.s3.amazonaws.com/events/Cyclone-Ditwah-Sri-Lanka-Nov-2025/ard/44/033313123300/2025-12-01/1050010045765700-ms.tif	https://maxar-opendata.s3.amazonaws.com/events/Cyclone-Ditwah-Sri-Lanka-Nov-2025/ard/44/033313123300/2025-12-01/1050010045765700-pan.tif	https://maxar-opendata.s3.amazonaws.com/events/Cyclone-Ditwah-Sri-Lanka-Nov-2025/ard/44/033313123300/2025-12-01/1050010045765700-data-mask.gpkg
2025-12-01 05:06:14+00:00	GE01	0.43	0.0.1	1050010045765700	44	033313123301	15.1	31.0	73.2	145.8	54.5	MXRA-Z44-033313123301	404843.75,814843.75,410156.25,820156.25	28.2	2.0	7	EPSG:32644	https://maxar-opendata.s3.amazonaws.com/events/Cyclone-Ditwah-Sri-Lanka-Nov-2025/ard/44/033313123301/2025-12-01/1050010045765700-visual.tif	https://maxar-opendata.s3.amazonaws.com/events/Cyclone-Ditwah-Sri-Lanka-Nov-2025/ard/44/033313123301/2025-12-01/1050010045765700-ms.tif	https://maxar-opendata.s3.amazonaws.com/events/Cyclone-Ditwah-Sri-Lanka-Nov-2025/ard/44/033313123301/2025-12-01/1050010045765700-pan.tif	https://maxar-opendata.s3.amazonaws.com/events/Cyclone-Ditwah-Sri-Lanka-Nov-2025/ard/44/033313123301/2025-12-01/1050010045765700-data-mask.gpkg
2025-12-01 05:06:14+00:00	GE01	0.43	0.0.1	1050010045765700	44	033313123310	15.1	30.3	73.3	145.8	54.5	MXRA-Z44-033313123310	409843.75,814843.75,411494.140625,820156.25	8.6	0.5	5	EPSG:32644	https://maxar-opendata.s3.amazonaws.com/events/Cyclone-Ditwah-Sri-Lanka-Nov-2025/ard/44/033313123310/2025-12-01/1050010045765700-visual.tif	https://maxar-opendata.s3.amazonaws.com/events/Cyclone-Ditwah-Sri-Lanka-Nov-2025/ard/44/033313123310/2025-12-01/1050010045765700-ms.tif	https://maxar-opendata.s3.amazonaws.com/events/Cyclone-Ditwah-Sri-Lanka-Nov-2025/ard/44/033313123310/2025-12-01/1050010045765700-pan.tif	https://maxar-opendata.s3.amazonaws.com/events/Cyclone-Ditwah-Sri-Lanka-Nov-2025/ard/44/033313123310/2025-12-01/1050010045765700-data-mask.gpkg
2025-12-01 05:06:15+00:00	GE01	0.43	0.0.1	1050010045765700	44	033313123031	14.4	35.9	74.1	145.8	54.5	MXRA-Z44-033313123031	395371.39892578125,824843.75,400156.25,825724.4873046875	3.8	1.7	45	EPSG:32644	https://maxar-opendata.s3.amazonaws.com/events/Cyclone-Ditwah-Sri-Lanka-Nov-2025/ard/44/033313123031/2025-12-01/1050010045765700-visual.tif	https://maxar-opendata.s3.amazonaws.com/events/Cyclone-Ditwah-Sri-Lanka-Nov-2025/ard/44/033313123031/2025-12-01/1050010045765700-ms.tif	https://maxar-opendata.s3.amazonaws.com/events/Cyclone-Ditwah-Sri-Lanka-Nov-2025/ard/44/033313123031/2025-12-01/1050010045765700-pan.tif	https://maxar-opendata.s3.amazonaws.com/events/Cyclone-Ditwah-Sri-Lanka-Nov-2025/ard/44/033313123031/2025-12-01/1050010045765700-data-mask.gpkg
2025-12-01 05:06:15+00:00	GE01	0.43	0.0.1	1050010045765700	44	033313123033	14.6	35.4	73.8	145.8	54.5	MXRA-Z44-033313123033	395331.4208984375,819843.75,400156.25,825156.25	25.5	9.2	36	EPSG:32644	https://maxar-opendata.s3.amazonaws.com/events/Cyclone-Ditwah-Sri-Lanka-Nov-2025/ard/44/033313123033/2025-12-01/1050010045765700-visual.tif	https://maxar-opendata.s3.amazonaws.com/events/Cyclone-Ditwah-Sri-Lanka-Nov-2025/ard/44/033313123033/2025-12-01/1050010045765700-ms.tif	https://maxar-opendata.s3.amazonaws.com/events/Cyclone-Ditwah-Sri-Lanka-Nov-2025/ard/44/033313123033/2025-12-01/1050010045765700-pan.tif	https://maxar-opendata.s3.amazonaws.com/events/Cyclone-Ditwah-Sri-Lanka-Nov-2025/ard/44/033313123033/2025-12-01/1050010045765700-data-mask.gpkg
2025-12-01 05:06:15+00:00	GE01	0.43	0.0.1	1050010045765700	44	033313123120	14.1	34.8	74.3	145.8	54.5	MXRA-Z44-033313123120	399843.75,824843.75,405156.25,825888.671875	5.0	1.2	23	EPSG:32644	https://maxar-opendata.s3.amazonaws.com/events/Cyclone-Ditwah-Sri-Lanka-Nov-2025/ard/44/033313123120/2025-12-01/1050010045765700-visual.tif	https://maxar-opendata.s3.amazonaws.com/events/Cyclone-Ditwah-Sri-Lanka-Nov-2025/ard/44/033313123120/2025-12-01/1050010045765700-ms.tif	https://maxar-opendata.s3.amazonaws.com/events/Cyclone-Ditwah-Sri-Lanka-Nov-2025/ard/44/033313123120/2025-12-01/1050010045765700-pan.tif	https://maxar-opendata.s3.amazonaws.com/events/Cyclone-Ditwah-Sri-Lanka-Nov-2025/ard/44/033313123120/2025-12-01/1050010045765700-data-mask.gpkg
2025-12-01 05:06:15+00:00	GE01	0.43	0.0.1	1050010045765700	44	033313123121	13.9	33.4	74.6	145.8	54.5	MXRA-Z44-033313123121	404843.75,824843.75,410156.25,826051.9409179688	5.9	0.4	7	EPSG:32644	https://maxar-opendata.s3.amazonaws.com/events/Cyclone-Ditwah-Sri-Lanka-Nov-2025/ard/44/033313123121/2025-12-01/1050010045765700-visual.tif	https://maxar-opendata.s3.amazonaws.com/events/Cyclone-Ditwah-Sri-Lanka-Nov-2025/ard/44/033313123121/2025-12-01/1050010045765700-ms.tif	https://maxar-opendata.s3.amazonaws.com/events/Cyclone-Ditwah-Sri-Lanka-Nov-2025/ard/44/033313123121/2025-12-01/1050010045765700-pan.tif	https://maxar-opendata.s3.amazonaws.com/events/Cyclone-Ditwah-Sri-Lanka-Nov-2025/ard/44/033313123121/2025-12-01/1050010045765700-data-mask.gpkg
2025-12-01 05:06:15+00:00	GE01	0.43	0.0.1	1050010045765700	44	033313123122	14.4	34.1	74.0	145.8	54.5	MXRA-Z44-033313123122	399843.75,819843.75,405156.25,825156.25	28.2	6.6	23	EPSG:32644	https://maxar-opendata.s3.amazonaws.com/events/Cyclone-Ditwah-Sri-Lanka-Nov-2025/ard/44/033313123122/2025-12-01/1050010045765700-visual.tif	https://maxar-opendata.s3.amazonaws.com/events/Cyclone-Ditwah-Sri-Lanka-Nov-2025/ard/44/033313123122/2025-12-01/1050010045765700-ms.tif	https://maxar-opendata.s3.amazonaws.com/events/Cyclone-Ditwah-Sri-Lanka-Nov-2025/ard/44/033313123122/2025-12-01/1050010045765700-pan.tif	https://maxar-opendata.s3.amazonaws.com/events/Cyclone-Ditwah-Sri-Lanka-Nov-2025/ard/44/033313123122/2025-12-01/1050010045765700-data-mask.gpkg
2025-12-01 05:06:15+00:00	GE01	0.43	0.0.1	1050010045765700	44	033313123123	14.2	32.7	74.2	145.8	54.5	MXRA-Z44-033313123123	404843.75,819843.75,410156.25,825156.25	28.2	0.9	3	EPSG:32644	https://maxar-opendata.s3.amazonaws.com/events/Cyclone-Ditwah-Sri-Lanka-Nov-2025/ard/44/033313123123/2025-12-01/1050010045765700-visual.tif	https://maxar-opendata.s3.amazonaws.com/events/Cyclone-Ditwah-Sri-Lanka-Nov-2025/ard/44/033313123123/2025-12-01/1050010045765700-ms.tif	https://maxar-opendata.s3.amazonaws.com/events/Cyclone-Ditwah-Sri-Lanka-Nov-2025/ard/44/033313123123/2025-12-01/1050010045765700-pan.tif	https://maxar-opendata.s3.amazonaws.com/events/Cyclone-Ditwah-Sri-Lanka-Nov-2025/ard/44/033313123123/2025-12-01/1050010045765700-data-mask.gpkg
2025-12-01 05:06:15+00:00	GE01	0.43	0.0.1	1050010045765700	44	033313123130	13.9	32.7	74.6	145.8	54.5	MXRA-Z44-033313123130	409843.75,824843.75,411431.2744140625,826091.30859375	1.9	0.0	0	EPSG:32644	https://maxar-opendata.s3.amazonaws.com/events/Cyclone-Ditwah-Sri-Lanka-Nov-2025/ard/44/033313123130/2025-12-01/1050010045765700-visual.tif	https://maxar-opendata.s3.amazonaws.com/events/Cyclone-Ditwah-Sri-Lanka-Nov-2025/ard/44/033313123130/2025-12-01/1050010045765700-ms.tif	https://maxar-opendata.s3.amazonaws.com/events/Cyclone-Ditwah-Sri-Lanka-Nov-2025/ard/44/033313123130/2025-12-01/1050010045765700-pan.tif	https://maxar-opendata.s3.amazonaws.com/events/Cyclone-Ditwah-Sri-Lanka-Nov-2025/ard/44/033313123130/2025-12-01/1050010045765700-data-mask.gpkg
2025-12-01 05:06:15+00:00	GE01	0.43	0.0.1	1050010045765700	44	033313123132	14.2	32.0	74.3	145.8	54.5	MXRA-Z44-033313123132	409843.75,819843.75,411461.48681640625,825156.25	8.5	0.1	1	EPSG:32644	https://maxar-opendata.s3.amazonaws.com/events/Cyclone-Ditwah-Sri-Lanka-Nov-2025/ard/44/033313123132/2025-12-01/1050010045765700-visual.tif	https://maxar-opendata.s3.amazonaws.com/events/Cyclone-Ditwah-Sri-Lanka-Nov-2025/ard/44/033313123132/2025-12-01/1050010045765700-ms.tif	https://maxar-opendata.s3.amazonaws.com/events/Cyclone-Ditwah-Sri-Lanka-Nov-2025/ard/44/033313123132/2025-12-01/1050010045765700-pan.tif	https://maxar-opendata.s3.amazonaws.com/events/Cyclone-Ditwah-Sri-Lanka-Nov-2025/ard/44/033313123132/2025-12-01/1050010045765700-data-mask.gpkg
2025-12-01 05:18:44+00:00	WV03	0.37	0.0.1	10400100AFC26500	44	033313123002	25.4	216.0	61.9	149.9	56.1	MXRA-Z44-033313123002	380152.587890625,829843.75,385156.25,831053.466796875	4.4	0.2	5	EPSG:32644	https://maxar-opendata.s3.amazonaws.com/events/Cyclone-Ditwah-Sri-Lanka-Nov-2025/ard/44/033313123002/2025-12-01/10400100AFC26500-visual.tif	https://maxar-opendata.s3.amazonaws.com/events/Cyclone-Ditwah-Sri-Lanka-Nov-2025/ard/44/033313123002/2025-12-01/10400100AFC26500-ms.tif	https://maxar-opendata.s3.amazonaws.com/events/Cyclone-Ditwah-Sri-Lanka-Nov-2025/ard/44/033313123002/2025-12-01/10400100AFC26500-pan.tif	https://maxar-opendata.s3.amazonaws.com/events/Cyclone-Ditwah-Sri-Lanka-Nov-2025/ard/44/033313123002/2025-12-01/10400100AFC26500-data-mask.gpkg
2025-12-01 05:18:44+00:00	WV03	0.37	0.0.1	10400100AFC26500	44	033313123003	25.7	216.7	61.6	149.9	56.1	MXRA-Z44-033313123003	384843.75,829843.75,390156.25,831674.8046875	7.9	2.3	29	EPSG:32644	https://maxar-opendata.s3.amazonaws.com/events/Cyclone-Ditwah-Sri-Lanka-Nov-2025/ard/44/033313123003/2025-12-01/10400100AFC26500-visual.tif	https://maxar-opendata.s3.amazonaws.com/events/Cyclone-Ditwah-Sri-Lanka-Nov-2025/ard/44/033313123003/2025-12-01/10400100AFC26500-ms.tif	https://maxar-opendata.s3.amazonaws.com/events/Cyclone-Ditwah-Sri-Lanka-Nov-2025/ard/44/033313123003/2025-12-01/10400100AFC26500-pan.tif	https://maxar-opendata.s3.amazonaws.com/events/Cyclone-Ditwah-Sri-Lanka-Nov-2025/ard/44/033313123003/2025-12-01/10400100AFC26500-data-mask.gpkg
2025-12-01 05:18:44+00:00	WV03	0.37	0.0.1	10400100AFC26500	44	033313123012	25.9	217.4	61.4	149.9	56.1	MXRA-Z44-033313123012	389843.75,829843.75,395156.25,832281.494140625	11.2	6.7	60	EPSG:32644	https://maxar-opendata.s3.amazonaws.com/events/Cyclone-Ditwah-Sri-Lanka-Nov-2025/ard/44/033313123012/2025-12-01/10400100AFC26500-visual.tif	https://maxar-opendata.s3.amazonaws.com/events/Cyclone-Ditwah-Sri-Lanka-Nov-2025/ard/44/033313123012/2025-12-01/10400100AFC26500-ms.tif	https://maxar-opendata.s3.amazonaws.com/events/Cyclone-Ditwah-Sri-Lanka-Nov-2025/ard/44/033313123012/2025-12-01/10400100AFC26500-pan.tif	https://maxar-opendata.s3.amazonaws.com/events/Cyclone-Ditwah-Sri-Lanka-Nov-2025/ard/44/033313123012/2025-12-01/10400100AFC26500-data-mask.gpkg
2025-12-01 05:18:44+00:00	WV03	0.37	0.0.1	10400100AFC26500	44	033313123013	26.0	217.6	61.3	149.9	56.1	MXRA-Z44-033313123013	394843.75,829843.75,395495.30029296875,832327.5756835938	1.5	0.8	51	EPSG:32644	https://maxar-opendata.s3.amazonaws.com/events/Cyclone-Ditwah-Sri-Lanka-Nov-2025/ard/44/033313123013/2025-12-01/10400100AFC26500-visual.tif	https://maxar-opendata.s3.amazonaws.com/events/Cyclone-Ditwah-Sri-Lanka-Nov-2025/ard/44/033313123013/2025-12-01/10400100AFC26500-ms.tif	https://maxar-opendata.s3.amazonaws.com/events/Cyclone-Ditwah-Sri-Lanka-Nov-2025/ard/44/033313123013/2025-12-01/10400100AFC26500-pan.tif	https://maxar-opendata.s3.amazonaws.com/events/Cyclone-Ditwah-Sri-Lanka-Nov-2025/ard/44/033313123013/2025-12-01/10400100AFC26500-data-mask.gpkg
2025-12-01 05:18:44+00:00	WV03	0.37	0.0.1	10400100AFC26500	44	033313123020	25.4	216.1	61.9	149.9	56.1	MXRA-Z44-033313123020	380138.85498046875,824843.75,385156.25,830156.25	26.6	4.1	15	EPSG:32644	https://maxar-opendata.s3.amazonaws.com/events/Cyclone-Ditwah-Sri-Lanka-Nov-2025/ard/44/033313123020/2025-12-01/10400100AFC26500-visual.tif	https://maxar-opendata.s3.amazonaws.com/events/Cyclone-Ditwah-Sri-Lanka-Nov-2025/ard/44/033313123020/2025-12-01/10400100AFC26500-ms.tif	https://maxar-opendata.s3.amazonaws.com/events/Cyclone-Ditwah-Sri-Lanka-Nov-2025/ard/44/033313123020/2025-12-01/10400100AFC26500-pan.tif	https://maxar-opendata.s3.amazonaws.com/events/Cyclone-Ditwah-Sri-Lanka-Nov-2025/ard/44/033313123020/2025-12-01/10400100AFC26500-data-mask.gpkg
2025-12-01 05:18:44+00:00	WV03	0.37	0.0.1	10400100AFC26500	44	033313123021	25.7	216.8	61.6	149.9	56.1	MXRA-Z44-033313123021	384843.75,824843.75,390156.25,830156.25	28.2	10.5	37	EPSG:32644	https://maxar-opendata.s3.amazonaws.com/events/Cyclone-Ditwah-Sri-Lanka-Nov-2025/ard/44/033313123021/2025-12-01/10400100AFC26500-visual.tif	https://maxar-opendata.s3.amazonaws.com/events/Cyclone-Ditwah-Sri-Lanka-Nov-2025/ard/44/033313123021/2025-12-01/10400100AFC26500-ms.tif	https://maxar-opendata.s3.amazonaws.com/events/Cyclone-Ditwah-Sri-Lanka-Nov-2025/ard/44/033313123021/2025-12-01/10400100AFC26500-pan.tif	https://maxar-opendata.s3.amazonaws.com/events/Cyclone-Ditwah-Sri-Lanka-Nov-2025/ard/44/033313123021/2025-12-01/10400100AFC26500-data-mask.gpkg
2025-12-01 05:18:44+00:00	WV03	0.37	0.0.1	10400100AFC26500	44	033313123030	25.9	217.5	61.3	149.9	56.1	MXRA-Z44-033313123030	389843.75,824843.75,395156.25,830156.25	28.2	9.6	34	EPSG:32644	https://maxar-opendata.s3.amazonaws.com/events/Cyclone-Ditwah-Sri-Lanka-Nov-2025/ard/44/033313123030/2025-12-01/10400100AFC26500-visual.tif	https://maxar-opendata.s3.amazonaws.com/events/Cyclone-Ditwah-Sri-Lanka-Nov-2025/ard/44/033313123030/2025-12-01/10400100AFC26500-ms.tif	https://maxar-opendata.s3.amazonaws.com/events/Cyclone-Ditwah-Sri-Lanka-Nov-2025/ard/44/033313123030/2025-12-01/10400100AFC26500-pan.tif	https://maxar-opendata.s3.amazonaws.com/events/Cyclone-Ditwah-Sri-Lanka-Nov-2025/ard/44/033313123030/2025-12-01/10400100AFC26500-data-mask.gpkg
2025-12-01 05:18:44+00:00	WV03	0.37	0.0.1	10400100AFC26500	44	033313123031	26.0	217.7	61.3	149.9	56.1	MXRA-Z44-033313123031	394843.75,824843.75,395494.07958984375,830156.25	3.4	1.3	37	EPSG:32644	https://maxar-opendata.s3.amazonaws.com/events/Cyclone-Ditwah-Sri-Lanka-Nov-2025/ard/44/033313123031/2025-12-01/10400100AFC26500-visual.tif	https://maxar-opendata.s3.amazonaws.com/events/Cyclone-Ditwah-Sri-Lanka-Nov-2025/ard/44/033313123031/2025-12-01/10400100AFC26500-ms.tif	https://maxar-opendata.s3.amazonaws.com/events/Cyclone-Ditwah-Sri-Lanka-Nov-2025/ard/44/033313123031/2025-12-01/10400100AFC26500-pan.tif	https://maxar-opendata.s3.amazonaws.com/events/Cyclone-Ditwah-Sri-Lanka-Nov-2025/ard/44/033313123031/2025-12-01/10400100AFC26500-data-mask.gpkg
2025-12-01 05:18:45+00:00	WV03	0.37	0.0.1	10400100AFC26500	44	033313123022	25.4	216.3	61.9	149.9	56.1	MXRA-Z44-033313123022	380117.49267578125,819843.75,385156.25,825156.25	26.7	2.1	7	EPSG:32644	https://maxar-opendata.s3.amazonaws.com/events/Cyclone-Ditwah-Sri-Lanka-Nov-2025/ard/44/033313123022/2025-12-01/10400100AFC26500-visual.tif	https://maxar-opendata.s3.amazonaws.com/events/Cyclone-Ditwah-Sri-Lanka-Nov-2025/ard/44/033313123022/2025-12-01/10400100AFC26500-ms.tif	https://maxar-opendata.s3.amazonaws.com/events/Cyclone-Ditwah-Sri-Lanka-Nov-2025/ard/44/033313123022/2025-12-01/10400100AFC26500-pan.tif	https://maxar-opendata.s3.amazonaws.com/events/Cyclone-Ditwah-Sri-Lanka-Nov-2025/ard/44/033313123022/2025-12-01/10400100AFC26500-data-mask.gpkg
2025-12-01 05:18:45+00:00	WV03	0.37	0.0.1	10400100AFC26500	44	033313123023	25.7	217.0	61.6	149.9	56.1	MXRA-Z44-033313123023	384843.75,819843.75,390156.25,825156.25	28.2	8.7	30	EPSG:32644	https://maxar-opendata.s3.amazonaws.com/events/Cyclone-Ditwah-Sri-Lanka-Nov-2025/ard/44/033313123023/2025-12-01/10400100AFC26500-visual.tif	https://maxar-opendata.s3.amazonaws.com/events/Cyclone-Ditwah-Sri-Lanka-Nov-2025/ard/44/033313123023/2025-12-01/10400100AFC26500-ms.tif	https://maxar-opendata.s3.amazonaws.com/events/Cyclone-Ditwah-Sri-Lanka-Nov-2025/ard/44/033313123023/2025-12-01/10400100AFC26500-pan.tif	https://maxar-opendata.s3.amazonaws.com/events/Cyclone-Ditwah-Sri-Lanka-Nov-2025/ard/44/033313123023/2025-12-01/10400100AFC26500-data-mask.gpkg
2025-12-01 05:18:45+00:00	WV03	0.37	0.0.1	10400100AFC26500	44	033313123032	26.0	217.7	61.3	149.8	56.2	MXRA-Z44-033313123032	389843.75,819843.75,395156.25,825156.25	28.2	14.7	52	EPSG:32644	https://maxar-opendata.s3.amazonaws.com/events/Cyclone-Ditwah-Sri-Lanka-Nov-2025/ard/44/033313123032/2025-12-01/10400100AFC26500-visual.tif	https://maxar-opendata.s3.amazonaws.com/events/Cyclone-Ditwah-Sri-Lanka-Nov-2025/ard/44/033313123032/2025-12-01/10400100AFC26500-ms.tif	https://maxar-opendata.s3.amazonaws.com/events/Cyclone-Ditwah-Sri-Lanka-Nov-2025/ard/44/033313123032/2025-12-01/10400100AFC26500-pan.tif	https://maxar-opendata.s3.amazonaws.com/events/Cyclone-Ditwah-Sri-Lanka-Nov-2025/ard/44/033313123032/2025-12-01/10400100AFC26500-data-mask.gpkg
2025-12-01 05:18:45+00:00	WV03	0.37	0.0.1	10400100AFC26500	44	033313123033	26.0	217.9	61.2	149.8	56.2	MXRA-Z44-033313123033	394843.75,819843.75,395490.1123046875,825156.25	3.3	1.6	49	EPSG:32644	https://maxar-opendata.s3.amazonaws.com/events/Cyclone-Ditwah-Sri-Lanka-Nov-2025/ard/44/033313123033/2025-12-01/10400100AFC26500-visual.tif	https://maxar-opendata.s3.amazonaws.com/events/Cyclone-Ditwah-Sri-Lanka-Nov-2025/ard/44/033313123033/2025-12-01/10400100AFC26500-ms.tif	https://maxar-opendata.s3.amazonaws.com/events/Cyclone-Ditwah-Sri-Lanka-Nov-2025/ard/44/033313123033/2025-12-01/10400100AFC26500-pan.tif	https://maxar-opendata.s3.amazonaws.com/events/Cyclone-Ditwah-Sri-Lanka-Nov-2025/ard/44/033313123033/2025-12-01/10400100AFC26500-data-mask.gpkg
2025-12-01 05:18:45+00:00	WV03	0.37	0.0.1	10400100AFC26500	44	033313123200	25.5	216.5	61.9	149.8	56.2	MXRA-Z44-033313123200	380106.201171875,814843.75,385156.25,820156.25	26.8	0.7	2	EPSG:32644	https://maxar-opendata.s3.amazonaws.com/events/Cyclone-Ditwah-Sri-Lanka-Nov-2025/ard/44/033313123200/2025-12-01/10400100AFC26500-visual.tif	https://maxar-opendata.s3.amazonaws.com/events/Cyclone-Ditwah-Sri-Lanka-Nov-2025/ard/44/033313123200/2025-12-01/10400100AFC26500-ms.tif	https://maxar-opendata.s3.amazonaws.com/events/Cyclone-Ditwah-Sri-Lanka-Nov-2025/ard/44/033313123200/2025-12-01/10400100AFC26500-pan.tif	https://maxar-opendata.s3.amazonaws.com/events/Cyclone-Ditwah-Sri-Lanka-Nov-2025/ard/44/033313123200/2025-12-01/10400100AFC26500-data-mask.gpkg
2025-12-01 05:18:45+00:00	WV03	0.37	0.0.1	10400100AFC26500	44	033313123201	25.7	217.2	61.6	149.8	56.2	MXRA-Z44-033313123201	384843.75,814843.75,390156.25,820156.25	28.2	11.0	39	EPSG:32644	https://maxar-opendata.s3.amazonaws.com/events/Cyclone-Ditwah-Sri-Lanka-Nov-2025/ard/44/033313123201/2025-12-01/10400100AFC26500-visual.tif	https://maxar-opendata.s3.amazonaws.com/events/Cyclone-Ditwah-Sri-Lanka-Nov-2025/ard/44/033313123201/2025-12-01/10400100AFC26500-ms.tif	https://maxar-opendata.s3.amazonaws.com/events/Cyclone-Ditwah-Sri-Lanka-Nov-2025/ard/44/033313123201/2025-12-01/10400100AFC26500-pan.tif	https://maxar-opendata.s3.amazonaws.com/events/Cyclone-Ditwah-Sri-Lanka-Nov-2025/ard/44/033313123201/2025-12-01/10400100AFC26500-data-mask.gpkg
2025-12-01 05:18:45+00:00	WV03	0.37	0.0.1	10400100AFC26500	44	033313123210	26.0	217.9	61.3	149.8	56.2	MXRA-Z44-033313123210	389843.75,814843.75,395156.25,820156.25	28.2	12.7	45	EPSG:32644	https://maxar-opendata.s3.amazonaws.com/events/Cyclone-Ditwah-Sri-Lanka-Nov-2025/ard/44/033313123210/2025-12-01/10400100AFC26500-visual.tif	https://maxar-opendata.s3.amazonaws.com/events/Cyclone-Ditwah-Sri-Lanka-Nov-2025/ard/44/033313123210/2025-12-01/10400100AFC26500-ms.tif	https://maxar-opendata.s3.amazonaws.com/events/Cyclone-Ditwah-Sri-Lanka-Nov-2025/ard/44/033313123210/2025-12-01/10400100AFC26500-pan.tif	https://maxar-opendata.s3.amazonaws.com/events/Cyclone-Ditwah-Sri-Lanka-Nov-2025/ard/44/033313123210/2025-12-01/10400100AFC26500-data-mask.gpkg
2025-12-01 05:18:45+00:00	WV03	0.37	0.0.1	10400100AFC26500	44	033313123211	26.1	218.1	61.2	149.8	56.2	MXRA-Z44-033313123211	394843.75,814843.75,395478.21044921875,820156.25	3.3	1.2	36	EPSG:32644	https://maxar-opendata.s3.amazonaws.com/events/Cyclone-Ditwah-Sri-Lanka-Nov-2025/ard/44/033313123211/2025-12-01/10400100AFC26500-visual.tif	https://maxar-opendata.s3.amazonaws.com/events/Cyclone-Ditwah-Sri-Lanka-Nov-2025/ard/44/033313123211/2025-12-01/10400100AFC26500-ms.tif	https://maxar-opendata.s3.amazonaws.com/events/Cyclone-Ditwah-Sri-Lanka-Nov-2025/ard/44/033313123211/2025-12-01/10400100AFC26500-pan.tif	https://maxar-opendata.s3.amazonaws.com/events/Cyclone-Ditwah-Sri-Lanka-Nov-2025/ard/44/033313123211/2025-12-01/10400100AFC26500-data-mask.gpkg
2025-12-01 05:18:46+00:00	WV03	0.37	0.0.1	10400100AFC26500	44	033313123202	25.5	216.7	61.9	149.8	56.2	MXRA-Z44-033313123202	380083.92333984375,809843.75,385156.25,815156.25	26.8	2.0	7	EPSG:32644	https://maxar-opendata.s3.amazonaws.com/events/Cyclone-Ditwah-Sri-Lanka-Nov-2025/ard/44/033313123202/2025-12-01/10400100AFC26500-visual.tif	https://maxar-opendata.s3.amazonaws.com/events/Cyclone-Ditwah-Sri-Lanka-Nov-2025/ard/44/033313123202/2025-12-01/10400100AFC26500-ms.tif	https://maxar-opendata.s3.amazonaws.com/events/Cyclone-Ditwah-Sri-Lanka-Nov-2025/ard/44/033313123202/2025-12-01/10400100AFC26500-pan.tif	https://maxar-opendata.s3.amazonaws.com/events/Cyclone-Ditwah-Sri-Lanka-Nov-2025/ard/44/033313123202/2025-12-01/10400100AFC26500-data-mask.gpkg
2025-12-01 05:18:46+00:00	WV03	0.37	0.0.1	10400100AFC26500	44	033313123203	25.7	217.4	61.6	149.8	56.2	MXRA-Z44-033313123203	384843.75,809843.75,390156.25,815156.25	28.2	4.9	17	EPSG:32644	https://maxar-opendata.s3.amazonaws.com/events/Cyclone-Ditwah-Sri-Lanka-Nov-2025/ard/44/033313123203/2025-12-01/10400100AFC26500-visual.tif	https://maxar-opendata.s3.amazonaws.com/events/Cyclone-Ditwah-Sri-Lanka-Nov-2025/ard/44/033313123203/2025-12-01/10400100AFC26500-ms.tif	https://maxar-opendata.s3.amazonaws.com/events/Cyclone-Ditwah-Sri-Lanka-Nov-2025/ard/44/033313123203/2025-12-01/10400100AFC26500-pan.tif	https://maxar-opendata.s3.amazonaws.com/events/Cyclone-Ditwah-Sri-Lanka-Nov-2025/ard/44/033313123203/2025-12-01/10400100AFC26500-data-mask.gpkg
2025-12-01 05:18:46+00:00	WV03	0.37	0.0.1	10400100AFC26500	44	033313123212	26.0	218.1	61.3	149.8	56.2	MXRA-Z44-033313123212	389843.75,809843.75,395156.25,815156.25	28.2	8.6	30	EPSG:32644	https://maxar-opendata.s3.amazonaws.com/events/Cyclone-Ditwah-Sri-Lanka-Nov-2025/ard/44/033313123212/2025-12-01/10400100AFC26500-visual.tif	https://maxar-opendata.s3.amazonaws.com/events/Cyclone-Ditwah-Sri-Lanka-Nov-2025/ard/44/033313123212/2025-12-01/10400100AFC26500-ms.tif	https://maxar-opendata.s3.amazonaws.com/events/Cyclone-Ditwah-Sri-Lanka-Nov-2025/ard/44/033313123212/2025-12-01/10400100AFC26500-pan.tif	https://maxar-opendata.s3.amazonaws.com/events/Cyclone-Ditwah-Sri-Lanka-Nov-2025/ard/44/033313123212/2025-12-01/10400100AFC26500-data-mask.gpkg
2025-12-01 05:18:46+00:00	WV03	0.37	0.0.1	10400100AFC26500	44	033313123213	26.1	218.3	61.2	149.8	56.2	MXRA-Z44-033313123213	394843.75,809843.75,395474.2431640625,815156.25	3.3	1.3	39	EPSG:32644	https://maxar-opendata.s3.amazonaws.com/events/Cyclone-Ditwah-Sri-Lanka-Nov-2025/ard/44/033313123213/2025-12-01/10400100AFC26500-visual.tif	https://maxar-opendata.s3.amazonaws.com/events/Cyclone-Ditwah-Sri-Lanka-Nov-2025/ard/44/033313123213/2025-12-01/10400100AFC26500-ms.tif	https://maxar-opendata.s3.amazonaws.com/events/Cyclone-Ditwah-Sri-Lanka-Nov-2025/ard/44/033313123213/2025-12-01/10400100AFC26500-pan.tif	https://maxar-opendata.s3.amazonaws.com/events/Cyclone-Ditwah-Sri-Lanka-Nov-2025/ard/44/033313123213/2025-12-01/10400100AFC26500-data-mask.gpkg
2025-12-01 05:18:47+00:00	WV03	0.37	0.0.1	10400100AFC26500	44	033313123220	25.5	216.9	61.8	149.8	56.2	MXRA-Z44-033313123220	380074.462890625,804843.75,385156.25,810156.25	26.9	5.2	19	EPSG:32644	https://maxar-opendata.s3.amazonaws.com/events/Cyclone-Ditwah-Sri-Lanka-Nov-2025/ard/44/033313123220/2025-12-01/10400100AFC26500-visual.tif	https://maxar-opendata.s3.amazonaws.com/events/Cyclone-Ditwah-Sri-Lanka-Nov-2025/ard/44/033313123220/2025-12-01/10400100AFC26500-ms.tif	https://maxar-opendata.s3.amazonaws.com/events/Cyclone-Ditwah-Sri-Lanka-Nov-2025/ard/44/033313123220/2025-12-01/10400100AFC26500-pan.tif	https://maxar-opendata.s3.amazonaws.com/events/Cyclone-Ditwah-Sri-Lanka-Nov-2025/ard/44/033313123220/2025-12-01/10400100AFC26500-data-mask.gpkg
2025-12-01 05:18:47+00:00	WV03	0.37	0.0.1	10400100AFC26500	44	033313123221	25.8	217.6	61.5	149.8	56.2	MXRA-Z44-033313123221	384843.75,804843.75,390156.25,810156.25	28.2	10.9	38	EPSG:32644	https://maxar-opendata.s3.amazonaws.com/events/Cyclone-Ditwah-Sri-Lanka-Nov-2025/ard/44/033313123221/2025-12-01/10400100AFC26500-visual.tif	https://maxar-opendata.s3.amazonaws.com/events/Cyclone-Ditwah-Sri-Lanka-Nov-2025/ard/44/033313123221/2025-12-01/10400100AFC26500-ms.tif	https://maxar-opendata.s3.amazonaws.com/events/Cyclone-Ditwah-Sri-Lanka-Nov-2025/ard/44/033313123221/2025-12-01/10400100AFC26500-pan.tif	https://maxar-opendata.s3.amazonaws.com/events/Cyclone-Ditwah-Sri-Lanka-Nov-2025/ard/44/033313123221/2025-12-01/10400100AFC26500-data-mask.gpkg
2025-12-01 05:18:47+00:00	WV03	0.37	0.0.1	10400100AFC26500	44	033313123222	25.5	217.1	61.8	149.8	56.2	MXRA-Z44-033313123222	380063.17138671875,799843.75,385156.25,805156.25	27.0	8.1	30	EPSG:32644	https://maxar-opendata.s3.amazonaws.com/events/Cyclone-Ditwah-Sri-Lanka-Nov-2025/ard/44/033313123222/2025-12-01/10400100AFC26500-visual.tif	https://maxar-opendata.s3.amazonaws.com/events/Cyclone-Ditwah-Sri-Lanka-Nov-2025/ard/44/033313123222/2025-12-01/10400100AFC26500-ms.tif	https://maxar-opendata.s3.amazonaws.com/events/Cyclone-Ditwah-Sri-Lanka-Nov-2025/ard/44/033313123222/2025-12-01/10400100AFC26500-pan.tif	https://maxar-opendata.s3.amazonaws.com/events/Cyclone-Ditwah-Sri-Lanka-Nov-2025/ard/44/033313123222/2025-12-01/10400100AFC26500-data-mask.gpkg
2025-12-01 05:18:47+00:00	WV03	0.37	0.0.1	10400100AFC26500	44	033313123223	25.8	217.8	61.5	149.8	56.2	MXRA-Z44-033313123223	384843.75,799843.75,390156.25,805156.25	28.2	11.1	39	EPSG:32644	https://maxar-opendata.s3.amazonaws.com/events/Cyclone-Ditwah-Sri-Lanka-Nov-2025/ard/44/033313123223/2025-12-01/10400100AFC26500-visual.tif	https://maxar-opendata.s3.amazonaws.com/events/Cyclone-Ditwah-Sri-Lanka-Nov-2025/ard/44/033313123223/2025-12-01/10400100AFC26500-ms.tif	https://maxar-opendata.s3.amazonaws.com/events/Cyclone-Ditwah-Sri-Lanka-Nov-2025/ard/44/033313123223/2025-12-01/10400100AFC26500-pan.tif	https://maxar-opendata.s3.amazonaws.com/events/Cyclone-Ditwah-Sri-Lanka-Nov-2025/ard/44/033313123223/2025-12-01/10400100AFC26500-data-mask.gpkg
2025-12-01 05:18:47+00:00	WV03	0.37	0.0.1	10400100AFC26500	44	033313123230	26.0	218.3	61.3	149.8	56.2	MXRA-Z44-033313123230	389843.75,804843.75,395156.25,810156.25	28.2	12.1	42	EPSG:32644	https://maxar-opendata.s3.amazonaws.com/events/Cyclone-Ditwah-Sri-Lanka-Nov-2025/ard/44/033313123230/2025-12-01/10400100AFC26500-visual.tif	https://maxar-opendata.s3.amazonaws.com/events/Cyclone-Ditwah-Sri-Lanka-Nov-2025/ard/44/033313123230/2025-12-01/10400100AFC26500-ms.tif	https://maxar-opendata.s3.amazonaws.com/events/Cyclone-Ditwah-Sri-Lanka-Nov-2025/ard/44/033313123230/2025-12-01/10400100AFC26500-pan.tif	https://maxar-opendata.s3.amazonaws.com/events/Cyclone-Ditwah-Sri-Lanka-Nov-2025/ard/44/033313123230/2025-12-01/10400100AFC26500-data-mask.gpkg
2025-12-01 05:18:47+00:00	WV03	0.37	0.0.1	10400100AFC26500	44	033313123231	26.1	218.5	61.2	149.8	56.2	MXRA-Z44-033313123231	394843.75,804843.75,395473.6328125,810156.25	3.3	1.0	31	EPSG:32644	https://maxar-opendata.s3.amazonaws.com/events/Cyclone-Ditwah-Sri-Lanka-Nov-2025/ard/44/033313123231/2025-12-01/10400100AFC26500-visual.tif	https://maxar-opendata.s3.amazonaws.com/events/Cyclone-Ditwah-Sri-Lanka-Nov-2025/ard/44/033313123231/2025-12-01/10400100AFC26500-ms.tif	https://maxar-opendata.s3.amazonaws.com/events/Cyclone-Ditwah-Sri-Lanka-Nov-2025/ard/44/033313123231/2025-12-01/10400100AFC26500-pan.tif	https://maxar-opendata.s3.amazonaws.com/events/Cyclone-Ditwah-Sri-Lanka-Nov-2025/ard/44/033313123231/2025-12-01/10400100AFC26500-data-mask.gpkg
2025-12-01 05:18:47+00:00	WV03	0.37	0.0.1	10400100AFC26500	44	033313123232	26.0	218.5	61.2	149.8	56.2	MXRA-Z44-033313123232	389843.75,799843.75,395156.25,805156.25	28.2	12.7	45	EPSG:32644	https://maxar-opendata.s3.amazonaws.com/events/Cyclone-Ditwah-Sri-Lanka-Nov-2025/ard/44/033313123232/2025-12-01/10400100AFC26500-visual.tif	https://maxar-opendata.s3.amazonaws.com/events/Cyclone-Ditwah-Sri-Lanka-Nov-2025/ard/44/033313123232/2025-12-01/10400100AFC26500-ms.tif	https://maxar-opendata.s3.amazonaws.com/events/Cyclone-Ditwah-Sri-Lanka-Nov-2025/ard/44/033313123232/2025-12-01/10400100AFC26500-pan.tif	https://maxar-opendata.s3.amazonaws.com/events/Cyclone-Ditwah-Sri-Lanka-Nov-2025/ard/44/033313123232/2025-12-01/10400100AFC26500-data-mask.gpkg
2025-12-01 05:18:47+00:00	WV03	0.37	0.0.1	10400100AFC26500	44	033313123233	26.1	218.7	61.1	149.8	56.2	MXRA-Z44-033313123233	394843.75,799843.75,395471.8017578125,805156.25	3.2	1.5	48	EPSG:32644	https://maxar-opendata.s3.amazonaws.com/events/Cyclone-Ditwah-Sri-Lanka-Nov-2025/ard/44/033313123233/2025-12-01/10400100AFC26500-visual.tif	https://maxar-opendata.s3.amazonaws.com/events/Cyclone-Ditwah-Sri-Lanka-Nov-2025/ard/44/033313123233/2025-12-01/10400100AFC26500-ms.tif	https://maxar-opendata.s3.amazonaws.com/events/Cyclone-Ditwah-Sri-Lanka-Nov-2025/ard/44/033313123233/2025-12-01/10400100AFC26500-pan.tif	https://maxar-opendata.s3.amazonaws.com/events/Cyclone-Ditwah-Sri-Lanka-Nov-2025/ard/44/033313123233/2025-12-01/10400100AFC26500-data-mask.gpkg
2025-12-01 05:18:48+00:00	WV03	0.37	0.0.1	10400100AFC26500	44	033313301000	25.5	217.3	61.8	149.7	56.3	MXRA-Z44-033313301000	380048.52294921875,794843.75,385156.25,800156.25	27.0	6.5	24	EPSG:32644	https://maxar-opendata.s3.amazonaws.com/events/Cyclone-Ditwah-Sri-Lanka-Nov-2025/ard/44/033313301000/2025-12-01/10400100AFC26500-visual.tif	https://maxar-opendata.s3.amazonaws.com/events/Cyclone-Ditwah-Sri-Lanka-Nov-2025/ard/44/033313301000/2025-12-01/10400100AFC26500-ms.tif	https://maxar-opendata.s3.amazonaws.com/events/Cyclone-Ditwah-Sri-Lanka-Nov-2025/ard/44/033313301000/2025-12-01/10400100AFC26500-pan.tif	https://maxar-opendata.s3.amazonaws.com/events/Cyclone-Ditwah-Sri-Lanka-Nov-2025/ard/44/033313301000/2025-12-01/10400100AFC26500-data-mask.gpkg
2025-12-01 05:18:48+00:00	WV03	0.37	0.0.1	10400100AFC26500	44	033313301001	25.8	218.0	61.5	149.7	56.3	MXRA-Z44-033313301001	384843.75,794843.75,390156.25,800156.25	28.2	11.4	40	EPSG:32644	https://maxar-opendata.s3.amazonaws.com/events/Cyclone-Ditwah-Sri-Lanka-Nov-2025/ard/44/033313301001/2025-12-01/10400100AFC26500-visual.tif	https://maxar-opendata.s3.amazonaws.com/events/Cyclone-Ditwah-Sri-Lanka-Nov-2025/ard/44/033313301001/2025-12-01/10400100AFC26500-ms.tif	https://maxar-opendata.s3.amazonaws.com/events/Cyclone-Ditwah-Sri-Lanka-Nov-2025/ard/44/033313301001/2025-12-01/10400100AFC26500-pan.tif	https://maxar-opendata.s3.amazonaws.com/events/Cyclone-Ditwah-Sri-Lanka-Nov-2025/ard/44/033313301001/2025-12-01/10400100AFC26500-data-mask.gpkg
2025-12-01 05:18:48+00:00	WV03	0.37	0.0.1	10400100AFC26500	44	033313301010	26.1	218.7	61.2	149.7	56.3	MXRA-Z44-033313301010	389843.75,794843.75,395156.25,800156.25	28.2	16.2	57	EPSG:32644	https://maxar-opendata.s3.amazonaws.com/events/Cyclone-Ditwah-Sri-Lanka-Nov-2025/ard/44/033313301010/2025-12-01/10400100AFC26500-visual.tif	https://maxar-opendata.s3.amazonaws.com/events/Cyclone-Ditwah-Sri-Lanka-Nov-2025/ard/44/033313301010/2025-12-01/10400100AFC26500-ms.tif	https://maxar-opendata.s3.amazonaws.com/events/Cyclone-Ditwah-Sri-Lanka-Nov-2025/ard/44/033313301010/2025-12-01/10400100AFC26500-pan.tif	https://maxar-opendata.s3.amazonaws.com/events/Cyclone-Ditwah-Sri-Lanka-Nov-2025/ard/44/033313301010/2025-12-01/10400100AFC26500-data-mask.gpkg
2025-12-01 05:18:48+00:00	WV03	0.37	0.0.1	10400100AFC26500	44	033313301011	26.1	218.9	61.1	149.7	56.3	MXRA-Z44-033313301011	394843.75,794843.75,395465.087890625,800156.25	3.2	2.5	77	EPSG:32644	https://maxar-opendata.s3.amazonaws.com/events/Cyclone-Ditwah-Sri-Lanka-Nov-2025/ard/44/033313301011/2025-12-01/10400100AFC26500-visual.tif	https://maxar-opendata.s3.amazonaws.com/events/Cyclone-Ditwah-Sri-Lanka-Nov-2025/ard/44/033313301011/2025-12-01/10400100AFC26500-ms.tif	https://maxar-opendata.s3.amazonaws.com/events/Cyclone-Ditwah-Sri-Lanka-Nov-2025/ard/44/033313301011/2025-12-01/10400100AFC26500-pan.tif	https://maxar-opendata.s3.amazonaws.com/events/Cyclone-Ditwah-Sri-Lanka-Nov-2025/ard/44/033313301011/2025-12-01/10400100AFC26500-data-mask.gpkg
2025-12-01 05:18:49+00:00	WV03	0.37	0.0.1	10400100AFC26500	44	033313301002	25.6	217.5	61.8	149.7	56.3	MXRA-Z44-033313301002	380034.1796875,789843.75,385156.25,795156.25	27.1	5.8	21	EPSG:32644	https://maxar-opendata.s3.amazonaws.com/events/Cyclone-Ditwah-Sri-Lanka-Nov-2025/ard/44/033313301002/2025-12-01/10400100AFC26500-visual.tif	https://maxar-opendata.s3.amazonaws.com/events/Cyclone-Ditwah-Sri-Lanka-Nov-2025/ard/44/033313301002/2025-12-01/10400100AFC26500-ms.tif	https://maxar-opendata.s3.amazonaws.com/events/Cyclone-Ditwah-Sri-Lanka-Nov-2025/ard/44/033313301002/2025-12-01/10400100AFC26500-pan.tif	https://maxar-opendata.s3.amazonaws.com/events/Cyclone-Ditwah-Sri-Lanka-Nov-2025/ard/44/033313301002/2025-12-01/10400100AFC26500-data-mask.gpkg
2025-12-01 05:18:49+00:00	WV03	0.37	0.0.1	10400100AFC26500	44	033313301003	25.8	218.2	61.5	149.7	56.3	MXRA-Z44-033313301003	384843.75,789843.75,390156.25,795156.25	28.2	14.5	51	EPSG:32644	https://maxar-opendata.s3.amazonaws.com/events/Cyclone-Ditwah-Sri-Lanka-Nov-2025/ard/44/033313301003/2025-12-01/10400100AFC26500-visual.tif	https://maxar-opendata.s3.amazonaws.com/events/Cyclone-Ditwah-Sri-Lanka-Nov-2025/ard/44/033313301003/2025-12-01/10400100AFC26500-ms.tif	https://maxar-opendata.s3.amazonaws.com/events/Cyclone-Ditwah-Sri-Lanka-Nov-2025/ard/44/033313301003/2025-12-01/10400100AFC26500-pan.tif	https://maxar-opendata.s3.amazonaws.com/events/Cyclone-Ditwah-Sri-Lanka-Nov-2025/ard/44/033313301003/2025-12-01/10400100AFC26500-data-mask.gpkg
2025-12-01 05:18:49+00:00	WV03	0.37	0.0.1	10400100AFC26500	44	033313301012	26.1	218.9	61.2	149.7	56.3	MXRA-Z44-033313301012	389843.75,789843.75,395156.25,795156.25	28.2	15.3	54	EPSG:32644	https://maxar-opendata.s3.amazonaws.com/events/Cyclone-Ditwah-Sri-Lanka-Nov-2025/ard/44/033313301012/2025-12-01/10400100AFC26500-visual.tif	https://maxar-opendata.s3.amazonaws.com/events/Cyclone-Ditwah-Sri-Lanka-Nov-2025/ard/44/033313301012/2025-12-01/10400100AFC26500-ms.tif	https://maxar-opendata.s3.amazonaws.com/events/Cyclone-Ditwah-Sri-Lanka-Nov-2025/ard/44/033313301012/2025-12-01/10400100AFC26500-pan.tif	https://maxar-opendata.s3.amazonaws.com/events/Cyclone-Ditwah-Sri-Lanka-Nov-2025/ard/44/033313301012/2025-12-01/10400100AFC26500-data-mask.gpkg
2025-12-01 05:18:49+00:00	WV03	0.37	0.0.1	10400100AFC26500	44	033313301013	26.2	219.1	61.1	149.7	56.3	MXRA-Z44-033313301013	394843.75,789843.75,395461.12060546875,795156.25	3.2	2.4	73	EPSG:32644	https://maxar-opendata.s3.amazonaws.com/events/Cyclone-Ditwah-Sri-Lanka-Nov-2025/ard/44/033313301013/2025-12-01/10400100AFC26500-visual.tif	https://maxar-opendata.s3.amazonaws.com/events/Cyclone-Ditwah-Sri-Lanka-Nov-2025/ard/44/033313301013/2025-12-01/10400100AFC26500-ms.tif	https://maxar-opendata.s3.amazonaws.com/events/Cyclone-Ditwah-Sri-Lanka-Nov-2025/ard/44/033313301013/2025-12-01/10400100AFC26500-pan.tif	https://maxar-opendata.s3.amazonaws.com/events/Cyclone-Ditwah-Sri-Lanka-Nov-2025/ard/44/033313301013/2025-12-01/10400100AFC26500-data-mask.gpkg
2025-12-01 05:18:49+00:00	WV03	0.37	0.0.1	10400100AFC26500	44	033313301020	25.6	217.7	61.7	149.7	56.3	MXRA-Z44-033313301020	380016.4794921875,784843.75,385156.25,790156.25	27.2	10.0	36	EPSG:32644	https://maxar-opendata.s3.amazonaws.com/events/Cyclone-Ditwah-Sri-Lanka-Nov-2025/ard/44/033313301020/2025-12-01/10400100AFC26500-visual.tif	https://maxar-opendata.s3.amazonaws.com/events/Cyclone-Ditwah-Sri-Lanka-Nov-2025/ard/44/033313301020/2025-12-01/10400100AFC26500-ms.tif	https://maxar-opendata.s3.amazonaws.com/events/Cyclone-Ditwah-Sri-Lanka-Nov-2025/ard/44/033313301020/2025-12-01/10400100AFC26500-pan.tif	https://maxar-opendata.s3.amazonaws.com/events/Cyclone-Ditwah-Sri-Lanka-Nov-2025/ard/44/033313301020/2025-12-01/10400100AFC26500-data-mask.gpkg
2025-12-01 05:18:49+00:00	WV03	0.37	0.0.1	10400100AFC26500	44	033313301021	25.8	218.4	61.5	149.6	56.4	MXRA-Z44-033313301021	384843.75,784843.75,390156.25,790156.25	28.2	15.4	54	EPSG:32644	https://maxar-opendata.s3.amazonaws.com/events/Cyclone-Ditwah-Sri-Lanka-Nov-2025/ard/44/033313301021/2025-12-01/10400100AFC26500-visual.tif	https://maxar-opendata.s3.amazonaws.com/events/Cyclone-Ditwah-Sri-Lanka-Nov-2025/ard/44/033313301021/2025-12-01/10400100AFC26500-ms.tif	https://maxar-opendata.s3.amazonaws.com/events/Cyclone-Ditwah-Sri-Lanka-Nov-2025/ard/44/033313301021/2025-12-01/10400100AFC26500-pan.tif	https://maxar-opendata.s3.amazonaws.com/events/Cyclone-Ditwah-Sri-Lanka-Nov-2025/ard/44/033313301021/2025-12-01/10400100AFC26500-data-mask.gpkg
2025-12-01 05:18:49+00:00	WV03	0.37	0.0.1	10400100AFC26500	44	033313301030	26.1	219.0	61.2	149.6	56.4	MXRA-Z44-033313301030	389843.75,784843.75,395156.25,790156.25	28.2	19.8	70	EPSG:32644	https://maxar-opendata.s3.amazonaws.com/events/Cyclone-Ditwah-Sri-Lanka-Nov-2025/ard/44/033313301030/2025-12-01/10400100AFC26500-visual.tif	https://maxar-opendata.s3.amazonaws.com/events/Cyclone-Ditwah-Sri-Lanka-Nov-2025/ard/44/033313301030/2025-12-01/10400100AFC26500-ms.tif	https://maxar-opendata.s3.amazonaws.com/events/Cyclone-Ditwah-Sri-Lanka-Nov-2025/ard/44/033313301030/2025-12-01/10400100AFC26500-pan.tif	https://maxar-opendata.s3.amazonaws.com/events/Cyclone-Ditwah-Sri-Lanka-Nov-2025/ard/44/033313301030/2025-12-01/10400100AFC26500-data-mask.gpkg
2025-12-01 05:18:50+00:00	WV03	0.37	0.0.1	10400100AFC26500	44	033313301022	25.6	217.9	61.7	149.6	56.4	MXRA-Z44-033313301022	379999.69482421875,779843.75,385156.25,785156.25	27.3	14.2	52	EPSG:32644	https://maxar-opendata.s3.amazonaws.com/events/Cyclone-Ditwah-Sri-Lanka-Nov-2025/ard/44/033313301022/2025-12-01/10400100AFC26500-visual.tif	https://maxar-opendata.s3.amazonaws.com/events/Cyclone-Ditwah-Sri-Lanka-Nov-2025/ard/44/033313301022/2025-12-01/10400100AFC26500-ms.tif	https://maxar-opendata.s3.amazonaws.com/events/Cyclone-Ditwah-Sri-Lanka-Nov-2025/ard/44/033313301022/2025-12-01/10400100AFC26500-pan.tif	https://maxar-opendata.s3.amazonaws.com/events/Cyclone-Ditwah-Sri-Lanka-Nov-2025/ard/44/033313301022/2025-12-01/10400100AFC26500-data-mask.gpkg
2025-12-01 05:18:50+00:00	WV03	0.37	0.0.1	10400100AFC26500	44	033313301023	25.9	218.5	61.4	149.6	56.4	MXRA-Z44-033313301023	384843.75,779843.75,390156.25,785156.25	28.2	8.4	29	EPSG:32644	https://maxar-opendata.s3.amazonaws.com/events/Cyclone-Ditwah-Sri-Lanka-Nov-2025/ard/44/033313301023/2025-12-01/10400100AFC26500-visual.tif	https://maxar-opendata.s3.amazonaws.com/events/Cyclone-Ditwah-Sri-Lanka-Nov-2025/ard/44/033313301023/2025-12-01/10400100AFC26500-ms.tif	https://maxar-opendata.s3.amazonaws.com/events/Cyclone-Ditwah-Sri-Lanka-Nov-2025/ard/44/033313301023/2025-12-01/10400100AFC26500-pan.tif	https://maxar-opendata.s3.amazonaws.com/events/Cyclone-Ditwah-Sri-Lanka-Nov-2025/ard/44/033313301023/2025-12-01/10400100AFC26500-data-mask.gpkg
2025-12-01 05:18:50+00:00	WV03	0.37	0.0.1	10400100AFC26500	44	033313301031	26.2	219.3	61.1	149.6	56.4	MXRA-Z44-033313301031	394843.75,784843.75,395461.12060546875,790156.25	3.2	1.3	41	EPSG:32644	https://maxar-opendata.s3.amazonaws.com/events/Cyclone-Ditwah-Sri-Lanka-Nov-2025/ard/44/033313301031/2025-12-01/10400100AFC26500-visual.tif	https://maxar-opendata.s3.amazonaws.com/events/Cyclone-Ditwah-Sri-Lanka-Nov-2025/ard/44/033313301031/2025-12-01/10400100AFC26500-ms.tif	https://maxar-opendata.s3.amazonaws.com/events/Cyclone-Ditwah-Sri-Lanka-Nov-2025/ard/44/033313301031/2025-12-01/10400100AFC26500-pan.tif	https://maxar-opendata.s3.amazonaws.com/events/Cyclone-Ditwah-Sri-Lanka-Nov-2025/ard/44/033313301031/2025-12-01/10400100AFC26500-data-mask.gpkg
2025-12-01 05:18:50+00:00	WV03	0.37	0.0.1	10400100AFC26500	44	033313301032	26.1	219.2	61.1	149.6	56.4	MXRA-Z44-033313301032	389843.75,779843.75,395156.25,785156.25	28.2	8.2	29	EPSG:32644	https://maxar-opendata.s3.amazonaws.com/events/Cyclone-Ditwah-Sri-Lanka-Nov-2025/ard/44/033313301032/2025-12-01/10400100AFC26500-visual.tif	https://maxar-opendata.s3.amazonaws.com/events/Cyclone-Ditwah-Sri-Lanka-Nov-2025/ard/44/033313301032/2025-12-01/10400100AFC26500-ms.tif	https://maxar-opendata.s3.amazonaws.com/events/Cyclone-Ditwah-Sri-Lanka-Nov-2025/ard/44/033313301032/2025-12-01/10400100AFC26500-pan.tif	https://maxar-opendata.s3.amazonaws.com/events/Cyclone-Ditwah-Sri-Lanka-Nov-2025/ard/44/033313301032/2025-12-01/10400100AFC26500-data-mask.gpkg
2025-12-01 05:18:50+00:00	WV03	0.37	0.0.1	10400100AFC26500	44	033313301033	26.2	219.4	61.0	149.6	56.4	MXRA-Z44-033313301033	394843.75,779843.75,395457.45849609375,785156.25	3.2	1.1	36	EPSG:32644	https://maxar-opendata.s3.amazonaws.com/events/Cyclone-Ditwah-Sri-Lanka-Nov-2025/ard/44/033313301033/2025-12-01/10400100AFC26500-visual.tif	https://maxar-opendata.s3.amazonaws.com/events/Cyclone-Ditwah-Sri-Lanka-Nov-2025/ard/44/033313301033/2025-12-01/10400100AFC26500-ms.tif	https://maxar-opendata.s3.amazonaws.com/events/Cyclone-Ditwah-Sri-Lanka-Nov-2025/ard/44/033313301033/2025-12-01/10400100AFC26500-pan.tif	https://maxar-opendata.s3.amazonaws.com/events/Cyclone-Ditwah-Sri-Lanka-Nov-2025/ard/44/033313301033/2025-12-01/10400100AFC26500-data-mask.gpkg
2025-12-01 05:18:51+00:00	WV03	0.37	0.0.1	10400100AFC26500	44	033313300311	25.6	217.9	61.8	149.6	56.4	MXRA-Z44-033313300311	379985.65673828125,774843.75,380156.25,780156.25	0.8	0.6	76	EPSG:32644	https://maxar-opendata.s3.amazonaws.com/events/Cyclone-Ditwah-Sri-Lanka-Nov-2025/ard/44/033313300311/2025-12-01/10400100AFC26500-visual.tif	https://maxar-opendata.s3.amazonaws.com/events/Cyclone-Ditwah-Sri-Lanka-Nov-2025/ard/44/033313300311/2025-12-01/10400100AFC26500-ms.tif	https://maxar-opendata.s3.amazonaws.com/events/Cyclone-Ditwah-Sri-Lanka-Nov-2025/ard/44/033313300311/2025-12-01/10400100AFC26500-pan.tif	https://maxar-opendata.s3.amazonaws.com/events/Cyclone-Ditwah-Sri-Lanka-Nov-2025/ard/44/033313300311/2025-12-01/10400100AFC26500-data-mask.gpkg
2025-12-01 05:18:51+00:00	WV03	0.37	0.0.1	10400100AFC26500	44	033313300313	25.6	218.1	61.7	149.6	56.4	MXRA-Z44-033313300313	379974.06005859375,770417.7856445312,380156.25,775156.25	0.8	0.2	26	EPSG:32644	https://maxar-opendata.s3.amazonaws.com/events/Cyclone-Ditwah-Sri-Lanka-Nov-2025/ard/44/033313300313/2025-12-01/10400100AFC26500-visual.tif	https://maxar-opendata.s3.amazonaws.com/events/Cyclone-Ditwah-Sri-Lanka-Nov-2025/ard/44/033313300313/2025-12-01/10400100AFC26500-ms.tif	https://maxar-opendata.s3.amazonaws.com/events/Cyclone-Ditwah-Sri-Lanka-Nov-2025/ard/44/033313300313/2025-12-01/10400100AFC26500-pan.tif	https://maxar-opendata.s3.amazonaws.com/events/Cyclone-Ditwah-Sri-Lanka-Nov-2025/ard/44/033313300313/2025-12-01/10400100AFC26500-data-mask.gpkg
2025-12-01 05:18:51+00:00	WV03	0.37	0.0.1	10400100AFC26500	44	033313301200	25.6	218.1	61.7	149.6	56.4	MXRA-Z44-033313301200	379988.70849609375,774843.75,385156.25,780156.25	27.4	12.1	44	EPSG:32644	https://maxar-opendata.s3.amazonaws.com/events/Cyclone-Ditwah-Sri-Lanka-Nov-2025/ard/44/033313301200/2025-12-01/10400100AFC26500-visual.tif	https://maxar-opendata.s3.amazonaws.com/events/Cyclone-Ditwah-Sri-Lanka-Nov-2025/ard/44/033313301200/2025-12-01/10400100AFC26500-ms.tif	https://maxar-opendata.s3.amazonaws.com/events/Cyclone-Ditwah-Sri-Lanka-Nov-2025/ard/44/033313301200/2025-12-01/10400100AFC26500-pan.tif	https://maxar-opendata.s3.amazonaws.com/events/Cyclone-Ditwah-Sri-Lanka-Nov-2025/ard/44/033313301200/2025-12-01/10400100AFC26500-data-mask.gpkg
2025-12-01 05:18:51+00:00	WV03	0.37	0.0.1	10400100AFC26500	44	033313301201	25.9	218.7	61.4	149.6	56.4	MXRA-Z44-033313301201	384843.75,774843.75,390156.25,780156.25	28.2	7.3	25	EPSG:32644	https://maxar-opendata.s3.amazonaws.com/events/Cyclone-Ditwah-Sri-Lanka-Nov-2025/ard/44/033313301201/2025-12-01/10400100AFC26500-visual.tif	https://maxar-opendata.s3.amazonaws.com/events/Cyclone-Ditwah-Sri-Lanka-Nov-2025/ard/44/033313301201/2025-12-01/10400100AFC26500-ms.tif	https://maxar-opendata.s3.amazonaws.com/events/Cyclone-Ditwah-Sri-Lanka-Nov-2025/ard/44/033313301201/2025-12-01/10400100AFC26500-pan.tif	https://maxar-opendata.s3.amazonaws.com/events/Cyclone-Ditwah-Sri-Lanka-Nov-2025/ard/44/033313301201/2025-12-01/10400100AFC26500-data-mask.gpkg
2025-12-01 05:18:51+00:00	WV03	0.37	0.0.1	10400100AFC26500	44	033313301202	25.6	218.2	61.7	149.6	56.4	MXRA-Z44-033313301202	379974.06005859375,770417.7856445312,385156.25,775156.25	22.8	9.8	43	EPSG:32644	https://maxar-opendata.s3.amazonaws.com/events/Cyclone-Ditwah-Sri-Lanka-Nov-2025/ard/44/033313301202/2025-12-01/10400100AFC26500-visual.tif	https://maxar-opendata.s3.amazonaws.com/events/Cyclone-Ditwah-Sri-Lanka-Nov-2025/ard/44/033313301202/2025-12-01/10400100AFC26500-ms.tif	https://maxar-opendata.s3.amazonaws.com/events/Cyclone-Ditwah-Sri-Lanka-Nov-2025/ard/44/033313301202/2025-12-01/10400100AFC26500-pan.tif	https://maxar-opendata.s3.amazonaws.com/events/Cyclone-Ditwah-Sri-Lanka-Nov-2025/ard/44/033313301202/2025-12-01/10400100AFC26500-data-mask.gpkg
2025-12-01 05:18:51+00:00	WV03	0.37	0.0.1	10400100AFC26500	44	033313301203	25.9	218.9	61.4	149.6	56.4	MXRA-Z44-033313301203	384843.75,771032.1044921875,390156.25,775156.25	20.0	10.4	51	EPSG:32644	https://maxar-opendata.s3.amazonaws.com/events/Cyclone-Ditwah-Sri-Lanka-Nov-2025/ard/44/033313301203/2025-12-01/10400100AFC26500-visual.tif	https://maxar-opendata.s3.amazonaws.com/events/Cyclone-Ditwah-Sri-Lanka-Nov-2025/ard/44/033313301203/2025-12-01/10400100AFC26500-ms.tif	https://maxar-opendata.s3.amazonaws.com/events/Cyclone-Ditwah-Sri-Lanka-Nov-2025/ard/44/033313301203/2025-12-01/10400100AFC26500-pan.tif	https://maxar-opendata.s3.amazonaws.com/events/Cyclone-Ditwah-Sri-Lanka-Nov-2025/ard/44/033313301203/2025-12-01/10400100AFC26500-data-mask.gpkg
2025-12-01 05:18:51+00:00	WV03	0.37	0.0.1	10400100AFC26500	44	033313301210	26.1	219.4	61.1	149.6	56.4	MXRA-Z44-033313301210	389843.75,774843.75,395156.25,780156.25	28.2	13.5	47	EPSG:32644	https://maxar-opendata.s3.amazonaws.com/events/Cyclone-Ditwah-Sri-Lanka-Nov-2025/ard/44/033313301210/2025-12-01/10400100AFC26500-visual.tif	https://maxar-opendata.s3.amazonaws.com/events/Cyclone-Ditwah-Sri-Lanka-Nov-2025/ard/44/033313301210/2025-12-01/10400100AFC26500-ms.tif	https://maxar-opendata.s3.amazonaws.com/events/Cyclone-Ditwah-Sri-Lanka-Nov-2025/ard/44/033313301210/2025-12-01/10400100AFC26500-pan.tif	https://maxar-opendata.s3.amazonaws.com/events/Cyclone-Ditwah-Sri-Lanka-Nov-2025/ard/44/033313301210/2025-12-01/10400100AFC26500-data-mask.gpkg
2025-12-01 05:18:51+00:00	WV03	0.37	0.0.1	10400100AFC26500	44	033313301211	26.2	219.6	61.0	149.6	56.4	MXRA-Z44-033313301211	394843.75,774843.75,395445.25146484375,780156.25	3.1	0.9	29	EPSG:32644	https://maxar-opendata.s3.amazonaws.com/events/Cyclone-Ditwah-Sri-Lanka-Nov-2025/ard/44/033313301211/2025-12-01/10400100AFC26500-visual.tif	https://maxar-opendata.s3.amazonaws.com/events/Cyclone-Ditwah-Sri-Lanka-Nov-2025/ard/44/033313301211/2025-12-01/10400100AFC26500-ms.tif	https://maxar-opendata.s3.amazonaws.com/events/Cyclone-Ditwah-Sri-Lanka-Nov-2025/ard/44/033313301211/2025-12-01/10400100AFC26500-pan.tif	https://maxar-opendata.s3.amazonaws.com/events/Cyclone-Ditwah-Sri-Lanka-Nov-2025/ard/44/033313301211/2025-12-01/10400100AFC26500-data-mask.gpkg
2025-12-01 05:18:51+00:00	WV03	0.37	0.0.1	10400100AFC26500	44	033313301212	26.2	219.6	61.1	149.6	56.4	MXRA-Z44-033313301212	389843.75,771679.9926757812,395156.25,775156.25	16.6	2.7	16	EPSG:32644	https://maxar-opendata.s3.amazonaws.com/events/Cyclone-Ditwah-Sri-Lanka-Nov-2025/ard/44/033313301212/2025-12-01/10400100AFC26500-visual.tif	https://maxar-opendata.s3.amazonaws.com/events/Cyclone-Ditwah-Sri-Lanka-Nov-2025/ard/44/033313301212/2025-12-01/10400100AFC26500-ms.tif	https://maxar-opendata.s3.amazonaws.com/events/Cyclone-Ditwah-Sri-Lanka-Nov-2025/ard/44/033313301212/2025-12-01/10400100AFC26500-pan.tif	https://maxar-opendata.s3.amazonaws.com/events/Cyclone-Ditwah-Sri-Lanka-Nov-2025/ard/44/033313301212/2025-12-01/10400100AFC26500-data-mask.gpkg
2025-12-01 05:18:51+00:00	WV03	0.37	0.0.1	10400100AFC26500	44	033313301213	26.2	219.7	61.0	149.6	56.4	MXRA-Z44-033313301213	394843.75,772317.1997070312,395447.998046875,775156.25	1.6	0.1	6	EPSG:32644	https://maxar-opendata.s3.amazonaws.com/events/Cyclone-Ditwah-Sri-Lanka-Nov-2025/ard/44/033313301213/2025-12-01/10400100AFC26500-visual.tif	https://maxar-opendata.s3.amazonaws.com/events/Cyclone-Ditwah-Sri-Lanka-Nov-2025/ard/44/033313301213/2025-12-01/10400100AFC26500-ms.tif	https://maxar-opendata.s3.amazonaws.com/events/Cyclone-Ditwah-Sri-Lanka-Nov-2025/ard/44/033313301213/2025-12-01/10400100AFC26500-pan.tif	https://maxar-opendata.s3.amazonaws.com/events/Cyclone-Ditwah-Sri-Lanka-Nov-2025/ard/44/033313301213/2025-12-01/10400100AFC26500-data-mask.gpkg
