datetime	platform	gsd	ard_metadata_version	catalog_id	utm_zone	quadkey	view:off_nadir	view:azimuth	view:incidence_angle	view:sun_azimuth	view:sun_elevation	proj:epsg	grid:code	proj:bbox	tile:data_area	tile:clouds_area	tile:clouds_percent	visual	ms_analytic	pan_analytic	data-mask
2024-12-14 18:39:04+00:00	WV03	0.36	0.0.1	104001009F982A00	11	031311100233	22.9	26.2	64.7	161.4	30.2	32611	MXRA-Z11-031311100233	357279.35791015625,3799843.75,360156.25,3805156.25	15.1	3.3	22	https://maxar-opendata.s3.amazonaws.com/events/WildFires-LosAngeles-Jan-2025/ard/11/031311100233/2024-12-14/104001009F982A00-visual.tif	https://maxar-opendata.s3.amazonaws.com/events/WildFires-LosAngeles-Jan-2025/ard/11/031311100233/2024-12-14/104001009F982A00-ms.tif	https://maxar-opendata.s3.amazonaws.com/events/WildFires-LosAngeles-Jan-2025/ard/11/031311100233/2024-12-14/104001009F982A00-pan.tif	https://maxar-opendata.s3.amazonaws.com/events/WildFires-LosAngeles-Jan-2025/ard/11/031311100233/2024-12-14/104001009F982A00-data-mask.gpkg
2024-12-14 18:39:05+00:00	WV03	0.36	0.0.1	104001009F982A00	11	031311102011	22.9	26.0	64.8	161.4	30.3	32611	MXRA-Z11-031311102011	357173.4619140625,3794843.75,360156.25,3800156.25	15.4	0.0	0	https://maxar-opendata.s3.amazonaws.com/events/WildFires-LosAngeles-Jan-2025/ard/11/031311102011/2024-12-14/104001009F982A00-visual.tif	https://maxar-opendata.s3.amazonaws.com/events/WildFires-LosAngeles-Jan-2025/ard/11/031311102011/2024-12-14/104001009F982A00-ms.tif	https://maxar-opendata.s3.amazonaws.com/events/WildFires-LosAngeles-Jan-2025/ard/11/031311102011/2024-12-14/104001009F982A00-pan.tif	https://maxar-opendata.s3.amazonaws.com/events/WildFires-LosAngeles-Jan-2025/ard/11/031311102011/2024-12-14/104001009F982A00-data-mask.gpkg
2024-12-14 18:39:05+00:00	WV03	0.36	0.0.1	104001009F982A00	11	031311102013	22.8	25.7	64.8	161.4	30.3	32611	MXRA-Z11-031311102013	357073.3642578125,3789843.75,360156.25,3795156.25	15.8	0.0	0	https://maxar-opendata.s3.amazonaws.com/events/WildFires-LosAngeles-Jan-2025/ard/11/031311102013/2024-12-14/104001009F982A00-visual.tif	https://maxar-opendata.s3.amazonaws.com/events/WildFires-LosAngeles-Jan-2025/ard/11/031311102013/2024-12-14/104001009F982A00-ms.tif	https://maxar-opendata.s3.amazonaws.com/events/WildFires-LosAngeles-Jan-2025/ard/11/031311102013/2024-12-14/104001009F982A00-pan.tif	https://maxar-opendata.s3.amazonaws.com/events/WildFires-LosAngeles-Jan-2025/ard/11/031311102013/2024-12-14/104001009F982A00-data-mask.gpkg
2024-12-14 18:39:05+00:00	WV03	0.36	0.0.1	104001009F982A00	11	031311102100	22.7	25.3	64.9	161.4	30.3	32611	MXRA-Z11-031311102100	359843.75,3794843.75,365156.25,3800156.25	28.2	0.0	0	https://maxar-opendata.s3.amazonaws.com/events/WildFires-LosAngeles-Jan-2025/ard/11/031311102100/2024-12-14/104001009F982A00-visual.tif	https://maxar-opendata.s3.amazonaws.com/events/WildFires-LosAngeles-Jan-2025/ard/11/031311102100/2024-12-14/104001009F982A00-ms.tif	https://maxar-opendata.s3.amazonaws.com/events/WildFires-LosAngeles-Jan-2025/ard/11/031311102100/2024-12-14/104001009F982A00-pan.tif	https://maxar-opendata.s3.amazonaws.com/events/WildFires-LosAngeles-Jan-2025/ard/11/031311102100/2024-12-14/104001009F982A00-data-mask.gpkg
2024-12-14 18:39:05+00:00	WV03	0.36	0.0.1	104001009F982A00	11	031311102101	22.5	24.3	65.1	161.4	30.3	32611	MXRA-Z11-031311102101	364843.75,3794843.75,370156.25,3800156.25	28.2	0.0	0	https://maxar-opendata.s3.amazonaws.com/events/WildFires-LosAngeles-Jan-2025/ard/11/031311102101/2024-12-14/104001009F982A00-visual.tif	https://maxar-opendata.s3.amazonaws.com/events/WildFires-LosAngeles-Jan-2025/ard/11/031311102101/2024-12-14/104001009F982A00-ms.tif	https://maxar-opendata.s3.amazonaws.com/events/WildFires-LosAngeles-Jan-2025/ard/11/031311102101/2024-12-14/104001009F982A00-pan.tif	https://maxar-opendata.s3.amazonaws.com/events/WildFires-LosAngeles-Jan-2025/ard/11/031311102101/2024-12-14/104001009F982A00-data-mask.gpkg
2024-12-14 18:39:06+00:00	WV03	0.36	0.0.1	104001009F982A00	11	031311102102	22.7	25.1	64.9	161.4	30.3	32611	MXRA-Z11-031311102102	359843.75,3789986.2670898438,365156.25,3795156.25	26.5	0.0	0	https://maxar-opendata.s3.amazonaws.com/events/WildFires-LosAngeles-Jan-2025/ard/11/031311102102/2024-12-14/104001009F982A00-visual.tif	https://maxar-opendata.s3.amazonaws.com/events/WildFires-LosAngeles-Jan-2025/ard/11/031311102102/2024-12-14/104001009F982A00-ms.tif	https://maxar-opendata.s3.amazonaws.com/events/WildFires-LosAngeles-Jan-2025/ard/11/031311102102/2024-12-14/104001009F982A00-pan.tif	https://maxar-opendata.s3.amazonaws.com/events/WildFires-LosAngeles-Jan-2025/ard/11/031311102102/2024-12-14/104001009F982A00-data-mask.gpkg
2024-12-14 18:39:06+00:00	WV03	0.36	0.0.1	104001009F982A00	11	031311102103	22.5	24.1	65.1	161.4	30.3	32611	MXRA-Z11-031311102103	364843.75,3790309.1430664062,370156.25,3795156.25	24.7	0.0	0	https://maxar-opendata.s3.amazonaws.com/events/WildFires-LosAngeles-Jan-2025/ard/11/031311102103/2024-12-14/104001009F982A00-visual.tif	https://maxar-opendata.s3.amazonaws.com/events/WildFires-LosAngeles-Jan-2025/ard/11/031311102103/2024-12-14/104001009F982A00-ms.tif	https://maxar-opendata.s3.amazonaws.com/events/WildFires-LosAngeles-Jan-2025/ard/11/031311102103/2024-12-14/104001009F982A00-pan.tif	https://maxar-opendata.s3.amazonaws.com/events/WildFires-LosAngeles-Jan-2025/ard/11/031311102103/2024-12-14/104001009F982A00-data-mask.gpkg
2024-12-14 18:39:14+00:00	WV03	0.34	0.0.1	10400100A1989500	11	031311102012	19.0	30.6	69.1	161.3	30.2	32611	MXRA-Z11-031311102012	349843.75,3790335.9985351562,355156.25,3795156.25	25.0	0.0	0	https://maxar-opendata.s3.amazonaws.com/events/WildFires-LosAngeles-Jan-2025/ard/11/031311102012/2024-12-14/10400100A1989500-visual.tif	https://maxar-opendata.s3.amazonaws.com/events/WildFires-LosAngeles-Jan-2025/ard/11/031311102012/2024-12-14/10400100A1989500-ms.tif	https://maxar-opendata.s3.amazonaws.com/events/WildFires-LosAngeles-Jan-2025/ard/11/031311102012/2024-12-14/10400100A1989500-pan.tif	https://maxar-opendata.s3.amazonaws.com/events/WildFires-LosAngeles-Jan-2025/ard/11/031311102012/2024-12-14/10400100A1989500-data-mask.gpkg
2024-12-14 18:39:14+00:00	WV03	0.34	0.0.1	10400100A1989500	11	031311102013	18.8	29.5	69.3	161.3	30.2	32611	MXRA-Z11-031311102013	354843.75,3790553.8940429688,360156.25,3795156.25	23.7	0.0	0	https://maxar-opendata.s3.amazonaws.com/events/WildFires-LosAngeles-Jan-2025/ard/11/031311102013/2024-12-14/10400100A1989500-visual.tif	https://maxar-opendata.s3.amazonaws.com/events/WildFires-LosAngeles-Jan-2025/ard/11/031311102013/2024-12-14/10400100A1989500-ms.tif	https://maxar-opendata.s3.amazonaws.com/events/WildFires-LosAngeles-Jan-2025/ard/11/031311102013/2024-12-14/10400100A1989500-pan.tif	https://maxar-opendata.s3.amazonaws.com/events/WildFires-LosAngeles-Jan-2025/ard/11/031311102013/2024-12-14/10400100A1989500-data-mask.gpkg
2024-12-14 18:39:15+00:00	WV03	0.34	0.0.1	10400100A1989500	11	031311100233	17.4	31.8	70.9	161.3	30.1	32611	MXRA-Z11-031311100233	354843.75,3799843.75,360156.25,3805156.25	28.1	1.5	5	https://maxar-opendata.s3.amazonaws.com/events/WildFires-LosAngeles-Jan-2025/ard/11/031311100233/2024-12-14/10400100A1989500-visual.tif	https://maxar-opendata.s3.amazonaws.com/events/WildFires-LosAngeles-Jan-2025/ard/11/031311100233/2024-12-14/10400100A1989500-ms.tif	https://maxar-opendata.s3.amazonaws.com/events/WildFires-LosAngeles-Jan-2025/ard/11/031311100233/2024-12-14/10400100A1989500-pan.tif	https://maxar-opendata.s3.amazonaws.com/events/WildFires-LosAngeles-Jan-2025/ard/11/031311100233/2024-12-14/10400100A1989500-data-mask.gpkg
2024-12-14 18:39:15+00:00	WV03	0.34	0.0.1	10400100A1989500	11	031311102010	18.3	31.7	69.8	161.3	30.2	32611	MXRA-Z11-031311102010	349843.75,3794843.75,355156.25,3800156.25	28.2	0.0	0	https://maxar-opendata.s3.amazonaws.com/events/WildFires-LosAngeles-Jan-2025/ard/11/031311102010/2024-12-14/10400100A1989500-visual.tif	https://maxar-opendata.s3.amazonaws.com/events/WildFires-LosAngeles-Jan-2025/ard/11/031311102010/2024-12-14/10400100A1989500-ms.tif	https://maxar-opendata.s3.amazonaws.com/events/WildFires-LosAngeles-Jan-2025/ard/11/031311102010/2024-12-14/10400100A1989500-pan.tif	https://maxar-opendata.s3.amazonaws.com/events/WildFires-LosAngeles-Jan-2025/ard/11/031311102010/2024-12-14/10400100A1989500-data-mask.gpkg
2024-12-14 18:39:15+00:00	WV03	0.34	0.0.1	10400100A1989500	11	031311102011	18.1	30.5	70.0	161.3	30.2	32611	MXRA-Z11-031311102011	354843.75,3794843.75,360156.25,3800156.25	28.2	0.0	0	https://maxar-opendata.s3.amazonaws.com/events/WildFires-LosAngeles-Jan-2025/ard/11/031311102011/2024-12-14/10400100A1989500-visual.tif	https://maxar-opendata.s3.amazonaws.com/events/WildFires-LosAngeles-Jan-2025/ard/11/031311102011/2024-12-14/10400100A1989500-ms.tif	https://maxar-opendata.s3.amazonaws.com/events/WildFires-LosAngeles-Jan-2025/ard/11/031311102011/2024-12-14/10400100A1989500-pan.tif	https://maxar-opendata.s3.amazonaws.com/events/WildFires-LosAngeles-Jan-2025/ard/11/031311102011/2024-12-14/10400100A1989500-data-mask.gpkg
2024-12-14 18:39:16+00:00	WV03	0.34	0.0.1	10400100A1989500	11	031311100230	16.9	34.4	71.4	161.4	30.1	32611	MXRA-Z11-031311100230	349843.75,3804843.75,355156.25,3805753.9999591927	3.9	0.0	0	https://maxar-opendata.s3.amazonaws.com/events/WildFires-LosAngeles-Jan-2025/ard/11/031311100230/2024-12-14/10400100A1989500-visual.tif	https://maxar-opendata.s3.amazonaws.com/events/WildFires-LosAngeles-Jan-2025/ard/11/031311100230/2024-12-14/10400100A1989500-ms.tif	https://maxar-opendata.s3.amazonaws.com/events/WildFires-LosAngeles-Jan-2025/ard/11/031311100230/2024-12-14/10400100A1989500-pan.tif	https://maxar-opendata.s3.amazonaws.com/events/WildFires-LosAngeles-Jan-2025/ard/11/031311100230/2024-12-14/10400100A1989500-data-mask.gpkg
2024-12-14 18:39:16+00:00	WV03	0.33	0.0.1	10400100A1989500	11	031311100231	16.6	33.1	71.7	161.4	30.1	32611	MXRA-Z11-031311100231	354843.75,3804843.75,360156.25,3805435.4771907795	2.2	0.0	2	https://maxar-opendata.s3.amazonaws.com/events/WildFires-LosAngeles-Jan-2025/ard/11/031311100231/2024-12-14/10400100A1989500-visual.tif	https://maxar-opendata.s3.amazonaws.com/events/WildFires-LosAngeles-Jan-2025/ard/11/031311100231/2024-12-14/10400100A1989500-ms.tif	https://maxar-opendata.s3.amazonaws.com/events/WildFires-LosAngeles-Jan-2025/ard/11/031311100231/2024-12-14/10400100A1989500-pan.tif	https://maxar-opendata.s3.amazonaws.com/events/WildFires-LosAngeles-Jan-2025/ard/11/031311100231/2024-12-14/10400100A1989500-data-mask.gpkg
2024-12-14 18:39:16+00:00	WV03	0.34	0.0.1	10400100A1989500	11	031311100232	17.6	32.9	70.6	161.3	30.1	32611	MXRA-Z11-031311100232	349843.75,3799843.75,355156.25,3805156.25	28.2	0.4	1	https://maxar-opendata.s3.amazonaws.com/events/WildFires-LosAngeles-Jan-2025/ard/11/031311100232/2024-12-14/10400100A1989500-visual.tif	https://maxar-opendata.s3.amazonaws.com/events/WildFires-LosAngeles-Jan-2025/ard/11/031311100232/2024-12-14/10400100A1989500-ms.tif	https://maxar-opendata.s3.amazonaws.com/events/WildFires-LosAngeles-Jan-2025/ard/11/031311100232/2024-12-14/10400100A1989500-pan.tif	https://maxar-opendata.s3.amazonaws.com/events/WildFires-LosAngeles-Jan-2025/ard/11/031311100232/2024-12-14/10400100A1989500-data-mask.gpkg
2024-12-14 18:39:29+00:00	WV03	0.32	0.0.1	10400100A0AEFE00	11	031311100221	10.1	55.7	78.9	161.3	30.1	32611	MXRA-Z11-031311100221	348153.42388802866,3804843.75,350156.25,3805861.681429734	1.9	0.0	0	https://maxar-opendata.s3.amazonaws.com/events/WildFires-LosAngeles-Jan-2025/ard/11/031311100221/2024-12-14/10400100A0AEFE00-visual.tif	https://maxar-opendata.s3.amazonaws.com/events/WildFires-LosAngeles-Jan-2025/ard/11/031311100221/2024-12-14/10400100A0AEFE00-ms.tif	https://maxar-opendata.s3.amazonaws.com/events/WildFires-LosAngeles-Jan-2025/ard/11/031311100221/2024-12-14/10400100A0AEFE00-pan.tif	https://maxar-opendata.s3.amazonaws.com/events/WildFires-LosAngeles-Jan-2025/ard/11/031311100221/2024-12-14/10400100A0AEFE00-data-mask.gpkg
2024-12-14 18:39:30+00:00	WV03	0.32	0.0.1	10400100A0AEFE00	11	031311100223	10.0	55.5	79.0	161.3	30.1	32611	MXRA-Z11-031311100223	348154.5295183005,3799843.75,350156.25,3805156.25	10.6	0.0	0	https://maxar-opendata.s3.amazonaws.com/events/WildFires-LosAngeles-Jan-2025/ard/11/031311100223/2024-12-14/10400100A0AEFE00-visual.tif	https://maxar-opendata.s3.amazonaws.com/events/WildFires-LosAngeles-Jan-2025/ard/11/031311100223/2024-12-14/10400100A0AEFE00-ms.tif	https://maxar-opendata.s3.amazonaws.com/events/WildFires-LosAngeles-Jan-2025/ard/11/031311100223/2024-12-14/10400100A0AEFE00-pan.tif	https://maxar-opendata.s3.amazonaws.com/events/WildFires-LosAngeles-Jan-2025/ard/11/031311100223/2024-12-14/10400100A0AEFE00-data-mask.gpkg
2024-12-14 18:39:31+00:00	WV03	0.32	0.0.1	10400100A0AEFE00	11	031311102001	9.9	55.3	79.1	161.3	30.2	32611	MXRA-Z11-031311102001	348162.3660721114,3794843.75,350156.25,3800156.25	10.5	0.0	0	https://maxar-opendata.s3.amazonaws.com/events/WildFires-LosAngeles-Jan-2025/ard/11/031311102001/2024-12-14/10400100A0AEFE00-visual.tif	https://maxar-opendata.s3.amazonaws.com/events/WildFires-LosAngeles-Jan-2025/ard/11/031311102001/2024-12-14/10400100A0AEFE00-ms.tif	https://maxar-opendata.s3.amazonaws.com/events/WildFires-LosAngeles-Jan-2025/ard/11/031311102001/2024-12-14/10400100A0AEFE00-pan.tif	https://maxar-opendata.s3.amazonaws.com/events/WildFires-LosAngeles-Jan-2025/ard/11/031311102001/2024-12-14/10400100A0AEFE00-data-mask.gpkg
2024-12-14 18:39:32+00:00	WV03	0.32	0.0.1	10400100A0AEFE00	11	031311102003	9.8	55.1	79.2	161.3	30.2	32611	MXRA-Z11-031311102003	348170.20262592233,3791231.9946289062,350156.25,3795156.25	7.7	0.0	0	https://maxar-opendata.s3.amazonaws.com/events/WildFires-LosAngeles-Jan-2025/ard/11/031311102003/2024-12-14/10400100A0AEFE00-visual.tif	https://maxar-opendata.s3.amazonaws.com/events/WildFires-LosAngeles-Jan-2025/ard/11/031311102003/2024-12-14/10400100A0AEFE00-ms.tif	https://maxar-opendata.s3.amazonaws.com/events/WildFires-LosAngeles-Jan-2025/ard/11/031311102003/2024-12-14/10400100A0AEFE00-pan.tif	https://maxar-opendata.s3.amazonaws.com/events/WildFires-LosAngeles-Jan-2025/ard/11/031311102003/2024-12-14/10400100A0AEFE00-data-mask.gpkg
2024-12-14 18:53:50+00:00	WV02	0.58	0.0.1	103001010A705C00	11	031311102001	27.5	233.2	58.9	165.1	31.1	32611	MXRA-Z11-031311102001	348162.7630737268,3794843.75,350156.25,3800135.1928710938	10.3	0.0	0	https://maxar-opendata.s3.amazonaws.com/events/WildFires-LosAngeles-Jan-2025/ard/11/031311102001/2024-12-14/103001010A705C00-visual.tif	https://maxar-opendata.s3.amazonaws.com/events/WildFires-LosAngeles-Jan-2025/ard/11/031311102001/2024-12-14/103001010A705C00-ms.tif	https://maxar-opendata.s3.amazonaws.com/events/WildFires-LosAngeles-Jan-2025/ard/11/031311102001/2024-12-14/103001010A705C00-pan.tif	https://maxar-opendata.s3.amazonaws.com/events/WildFires-LosAngeles-Jan-2025/ard/11/031311102001/2024-12-14/103001010A705C00-data-mask.gpkg
2024-12-14 18:53:50+00:00	WV02	0.58	0.0.1	103001010A705C00	11	031311102003	27.4	233.5	58.9	165.1	31.1	32611	MXRA-Z11-031311102003	348170.20262592233,3789843.75,350156.25,3795156.25	10.5	1.2	11	https://maxar-opendata.s3.amazonaws.com/events/WildFires-LosAngeles-Jan-2025/ard/11/031311102003/2024-12-14/103001010A705C00-visual.tif	https://maxar-opendata.s3.amazonaws.com/events/WildFires-LosAngeles-Jan-2025/ard/11/031311102003/2024-12-14/103001010A705C00-ms.tif	https://maxar-opendata.s3.amazonaws.com/events/WildFires-LosAngeles-Jan-2025/ard/11/031311102003/2024-12-14/103001010A705C00-pan.tif	https://maxar-opendata.s3.amazonaws.com/events/WildFires-LosAngeles-Jan-2025/ard/11/031311102003/2024-12-14/103001010A705C00-data-mask.gpkg
2024-12-14 18:53:50+00:00	WV02	0.58	0.0.1	103001010A705C00	11	031311102010	27.7	233.6	58.6	165.1	31.1	32611	MXRA-Z11-031311102010	349843.75,3794843.75,355156.25,3800156.25	28.2	0.0	0	https://maxar-opendata.s3.amazonaws.com/events/WildFires-LosAngeles-Jan-2025/ard/11/031311102010/2024-12-14/103001010A705C00-visual.tif	https://maxar-opendata.s3.amazonaws.com/events/WildFires-LosAngeles-Jan-2025/ard/11/031311102010/2024-12-14/103001010A705C00-ms.tif	https://maxar-opendata.s3.amazonaws.com/events/WildFires-LosAngeles-Jan-2025/ard/11/031311102010/2024-12-14/103001010A705C00-pan.tif	https://maxar-opendata.s3.amazonaws.com/events/WildFires-LosAngeles-Jan-2025/ard/11/031311102010/2024-12-14/103001010A705C00-data-mask.gpkg
2024-12-14 18:53:50+00:00	WV02	0.58	0.0.1	103001010A705C00	11	031311102011	27.9	234.0	58.3	165.1	31.1	32611	MXRA-Z11-031311102011	354843.75,3794843.75,360156.25,3800156.25	28.2	1.9	6	https://maxar-opendata.s3.amazonaws.com/events/WildFires-LosAngeles-Jan-2025/ard/11/031311102011/2024-12-14/103001010A705C00-visual.tif	https://maxar-opendata.s3.amazonaws.com/events/WildFires-LosAngeles-Jan-2025/ard/11/031311102011/2024-12-14/103001010A705C00-ms.tif	https://maxar-opendata.s3.amazonaws.com/events/WildFires-LosAngeles-Jan-2025/ard/11/031311102011/2024-12-14/103001010A705C00-pan.tif	https://maxar-opendata.s3.amazonaws.com/events/WildFires-LosAngeles-Jan-2025/ard/11/031311102011/2024-12-14/103001010A705C00-data-mask.gpkg
2024-12-14 18:53:50+00:00	WV02	0.58	0.0.1	103001010A705C00	11	031311102012	27.7	233.9	58.6	165.1	31.1	32611	MXRA-Z11-031311102012	349843.75,3789843.75,355156.25,3795156.25	28.2	0.1	0	https://maxar-opendata.s3.amazonaws.com/events/WildFires-LosAngeles-Jan-2025/ard/11/031311102012/2024-12-14/103001010A705C00-visual.tif	https://maxar-opendata.s3.amazonaws.com/events/WildFires-LosAngeles-Jan-2025/ard/11/031311102012/2024-12-14/103001010A705C00-ms.tif	https://maxar-opendata.s3.amazonaws.com/events/WildFires-LosAngeles-Jan-2025/ard/11/031311102012/2024-12-14/103001010A705C00-pan.tif	https://maxar-opendata.s3.amazonaws.com/events/WildFires-LosAngeles-Jan-2025/ard/11/031311102012/2024-12-14/103001010A705C00-data-mask.gpkg
2024-12-14 18:53:50+00:00	WV02	0.58	0.0.1	103001010A705C00	11	031311102013	27.9	234.3	58.4	165.1	31.1	32611	MXRA-Z11-031311102013	354843.75,3789843.75,360156.25,3795156.25	28.2	0.5	1	https://maxar-opendata.s3.amazonaws.com/events/WildFires-LosAngeles-Jan-2025/ard/11/031311102013/2024-12-14/103001010A705C00-visual.tif	https://maxar-opendata.s3.amazonaws.com/events/WildFires-LosAngeles-Jan-2025/ard/11/031311102013/2024-12-14/103001010A705C00-ms.tif	https://maxar-opendata.s3.amazonaws.com/events/WildFires-LosAngeles-Jan-2025/ard/11/031311102013/2024-12-14/103001010A705C00-pan.tif	https://maxar-opendata.s3.amazonaws.com/events/WildFires-LosAngeles-Jan-2025/ard/11/031311102013/2024-12-14/103001010A705C00-data-mask.gpkg
2024-12-14 18:53:50+00:00	WV02	0.59	0.0.1	103001010A705C00	11	031311102100	28.2	234.4	58.0	165.1	31.1	32611	MXRA-Z11-031311102100	359843.75,3794843.75,365156.25,3800156.25	28.2	4.9	17	https://maxar-opendata.s3.amazonaws.com/events/WildFires-LosAngeles-Jan-2025/ard/11/031311102100/2024-12-14/103001010A705C00-visual.tif	https://maxar-opendata.s3.amazonaws.com/events/WildFires-LosAngeles-Jan-2025/ard/11/031311102100/2024-12-14/103001010A705C00-ms.tif	https://maxar-opendata.s3.amazonaws.com/events/WildFires-LosAngeles-Jan-2025/ard/11/031311102100/2024-12-14/103001010A705C00-pan.tif	https://maxar-opendata.s3.amazonaws.com/events/WildFires-LosAngeles-Jan-2025/ard/11/031311102100/2024-12-14/103001010A705C00-data-mask.gpkg
2024-12-14 18:53:50+00:00	WV02	0.59	0.0.1	103001010A705C00	11	031311102102	28.1	234.7	58.1	165.1	31.1	32611	MXRA-Z11-031311102102	359843.75,3789843.75,365156.25,3795156.25	28.2	0.0	0	https://maxar-opendata.s3.amazonaws.com/events/WildFires-LosAngeles-Jan-2025/ard/11/031311102102/2024-12-14/103001010A705C00-visual.tif	https://maxar-opendata.s3.amazonaws.com/events/WildFires-LosAngeles-Jan-2025/ard/11/031311102102/2024-12-14/103001010A705C00-ms.tif	https://maxar-opendata.s3.amazonaws.com/events/WildFires-LosAngeles-Jan-2025/ard/11/031311102102/2024-12-14/103001010A705C00-pan.tif	https://maxar-opendata.s3.amazonaws.com/events/WildFires-LosAngeles-Jan-2025/ard/11/031311102102/2024-12-14/103001010A705C00-data-mask.gpkg
2024-12-14 18:53:51+00:00	WV02	0.58	0.0.1	103001010A705C00	11	031311102021	27.4	233.8	59.0	165.1	31.1	32611	MXRA-Z11-031311102021	348178.03917973326,3784843.75,350156.25,3790156.25	10.4	0.2	2	https://maxar-opendata.s3.amazonaws.com/events/WildFires-LosAngeles-Jan-2025/ard/11/031311102021/2024-12-14/103001010A705C00-visual.tif	https://maxar-opendata.s3.amazonaws.com/events/WildFires-LosAngeles-Jan-2025/ard/11/031311102021/2024-12-14/103001010A705C00-ms.tif	https://maxar-opendata.s3.amazonaws.com/events/WildFires-LosAngeles-Jan-2025/ard/11/031311102021/2024-12-14/103001010A705C00-pan.tif	https://maxar-opendata.s3.amazonaws.com/events/WildFires-LosAngeles-Jan-2025/ard/11/031311102021/2024-12-14/103001010A705C00-data-mask.gpkg
2024-12-14 18:53:51+00:00	WV02	0.58	0.0.1	103001010A705C00	11	031311102030	27.6	234.2	58.7	165.1	31.1	32611	MXRA-Z11-031311102030	349843.75,3784843.75,355156.25,3790156.25	28.2	0.0	0	https://maxar-opendata.s3.amazonaws.com/events/WildFires-LosAngeles-Jan-2025/ard/11/031311102030/2024-12-14/103001010A705C00-visual.tif	https://maxar-opendata.s3.amazonaws.com/events/WildFires-LosAngeles-Jan-2025/ard/11/031311102030/2024-12-14/103001010A705C00-ms.tif	https://maxar-opendata.s3.amazonaws.com/events/WildFires-LosAngeles-Jan-2025/ard/11/031311102030/2024-12-14/103001010A705C00-pan.tif	https://maxar-opendata.s3.amazonaws.com/events/WildFires-LosAngeles-Jan-2025/ard/11/031311102030/2024-12-14/103001010A705C00-data-mask.gpkg
2024-12-14 18:53:51+00:00	WV02	0.58	0.0.1	103001010A705C00	11	031311102031	27.9	234.5	58.4	165.1	31.1	32611	MXRA-Z11-031311102031	354843.75,3784843.75,360156.25,3790156.25	27.5	0.0	0	https://maxar-opendata.s3.amazonaws.com/events/WildFires-LosAngeles-Jan-2025/ard/11/031311102031/2024-12-14/103001010A705C00-visual.tif	https://maxar-opendata.s3.amazonaws.com/events/WildFires-LosAngeles-Jan-2025/ard/11/031311102031/2024-12-14/103001010A705C00-ms.tif	https://maxar-opendata.s3.amazonaws.com/events/WildFires-LosAngeles-Jan-2025/ard/11/031311102031/2024-12-14/103001010A705C00-pan.tif	https://maxar-opendata.s3.amazonaws.com/events/WildFires-LosAngeles-Jan-2025/ard/11/031311102031/2024-12-14/103001010A705C00-data-mask.gpkg
2024-12-14 18:53:51+00:00	WV02	0.59	0.0.1	103001010A705C00	11	031311102120	28.1	234.9	58.1	165.1	31.1	32611	MXRA-Z11-031311102120	359843.75,3785208.4350585938,365156.25,3790156.25	24.5	0.0	0	https://maxar-opendata.s3.amazonaws.com/events/WildFires-LosAngeles-Jan-2025/ard/11/031311102120/2024-12-14/103001010A705C00-visual.tif	https://maxar-opendata.s3.amazonaws.com/events/WildFires-LosAngeles-Jan-2025/ard/11/031311102120/2024-12-14/103001010A705C00-ms.tif	https://maxar-opendata.s3.amazonaws.com/events/WildFires-LosAngeles-Jan-2025/ard/11/031311102120/2024-12-14/103001010A705C00-pan.tif	https://maxar-opendata.s3.amazonaws.com/events/WildFires-LosAngeles-Jan-2025/ard/11/031311102120/2024-12-14/103001010A705C00-data-mask.gpkg
2024-12-21 18:51:48+00:00	WV03	0.34	0.0.1	10400100A17B5900	11	031311102001	19.3	305.2	68.7	163.7	30.7	32611	MXRA-Z11-031311102001	348163.653200534,3794843.75,350156.25,3799335.0162959592	8.7	0.0	0	https://maxar-opendata.s3.amazonaws.com/events/WildFires-LosAngeles-Jan-2025/ard/11/031311102001/2024-12-21/10400100A17B5900-visual.tif	https://maxar-opendata.s3.amazonaws.com/events/WildFires-LosAngeles-Jan-2025/ard/11/031311102001/2024-12-21/10400100A17B5900-ms.tif	https://maxar-opendata.s3.amazonaws.com/events/WildFires-LosAngeles-Jan-2025/ard/11/031311102001/2024-12-21/10400100A17B5900-pan.tif	https://maxar-opendata.s3.amazonaws.com/events/WildFires-LosAngeles-Jan-2025/ard/11/031311102001/2024-12-21/10400100A17B5900-data-mask.gpkg
2024-12-21 18:51:48+00:00	WV03	0.34	0.0.1	10400100A17B5900	11	031311102003	19.4	305.0	68.6	163.7	30.7	32611	MXRA-Z11-031311102003	348170.20262592233,3789843.75,350156.25,3795156.25	10.5	0.0	0	https://maxar-opendata.s3.amazonaws.com/events/WildFires-LosAngeles-Jan-2025/ard/11/031311102003/2024-12-21/10400100A17B5900-visual.tif	https://maxar-opendata.s3.amazonaws.com/events/WildFires-LosAngeles-Jan-2025/ard/11/031311102003/2024-12-21/10400100A17B5900-ms.tif	https://maxar-opendata.s3.amazonaws.com/events/WildFires-LosAngeles-Jan-2025/ard/11/031311102003/2024-12-21/10400100A17B5900-pan.tif	https://maxar-opendata.s3.amazonaws.com/events/WildFires-LosAngeles-Jan-2025/ard/11/031311102003/2024-12-21/10400100A17B5900-data-mask.gpkg
2024-12-21 18:51:48+00:00	WV03	0.35	0.0.1	10400100A17B5900	11	031311102010	19.7	304.5	68.3	163.7	30.7	32611	MXRA-Z11-031311102010	349843.75,3794843.75,355156.25,3799207.1533203125	22.1	0.0	0	https://maxar-opendata.s3.amazonaws.com/events/WildFires-LosAngeles-Jan-2025/ard/11/031311102010/2024-12-21/10400100A17B5900-visual.tif	https://maxar-opendata.s3.amazonaws.com/events/WildFires-LosAngeles-Jan-2025/ard/11/031311102010/2024-12-21/10400100A17B5900-ms.tif	https://maxar-opendata.s3.amazonaws.com/events/WildFires-LosAngeles-Jan-2025/ard/11/031311102010/2024-12-21/10400100A17B5900-pan.tif	https://maxar-opendata.s3.amazonaws.com/events/WildFires-LosAngeles-Jan-2025/ard/11/031311102010/2024-12-21/10400100A17B5900-data-mask.gpkg
2024-12-21 18:51:48+00:00	WV03	0.35	0.0.1	10400100A17B5900	11	031311102012	19.7	304.4	68.2	163.7	30.7	32611	MXRA-Z11-031311102012	349843.75,3789843.75,355156.25,3795156.25	28.2	0.0	0	https://maxar-opendata.s3.amazonaws.com/events/WildFires-LosAngeles-Jan-2025/ard/11/031311102012/2024-12-21/10400100A17B5900-visual.tif	https://maxar-opendata.s3.amazonaws.com/events/WildFires-LosAngeles-Jan-2025/ard/11/031311102012/2024-12-21/10400100A17B5900-ms.tif	https://maxar-opendata.s3.amazonaws.com/events/WildFires-LosAngeles-Jan-2025/ard/11/031311102012/2024-12-21/10400100A17B5900-pan.tif	https://maxar-opendata.s3.amazonaws.com/events/WildFires-LosAngeles-Jan-2025/ard/11/031311102012/2024-12-21/10400100A17B5900-data-mask.gpkg
2024-12-21 18:51:48+00:00	WV03	0.35	0.0.1	10400100A17B5900	11	031311102013	20.0	303.9	68.0	163.7	30.7	32611	MXRA-Z11-031311102013	354843.75,3789843.75,358021.54541015625,3795156.25	16.8	0.0	0	https://maxar-opendata.s3.amazonaws.com/events/WildFires-LosAngeles-Jan-2025/ard/11/031311102013/2024-12-21/10400100A17B5900-visual.tif	https://maxar-opendata.s3.amazonaws.com/events/WildFires-LosAngeles-Jan-2025/ard/11/031311102013/2024-12-21/10400100A17B5900-ms.tif	https://maxar-opendata.s3.amazonaws.com/events/WildFires-LosAngeles-Jan-2025/ard/11/031311102013/2024-12-21/10400100A17B5900-pan.tif	https://maxar-opendata.s3.amazonaws.com/events/WildFires-LosAngeles-Jan-2025/ard/11/031311102013/2024-12-21/10400100A17B5900-data-mask.gpkg
2024-12-21 18:51:49+00:00	WV03	0.34	0.0.1	10400100A17B5900	11	031311102021	19.5	304.8	68.5	163.7	30.8	32611	MXRA-Z11-031311102021	348178.03917973326,3784843.75,350156.25,3790156.25	10.4	0.0	0	https://maxar-opendata.s3.amazonaws.com/events/WildFires-LosAngeles-Jan-2025/ard/11/031311102021/2024-12-21/10400100A17B5900-visual.tif	https://maxar-opendata.s3.amazonaws.com/events/WildFires-LosAngeles-Jan-2025/ard/11/031311102021/2024-12-21/10400100A17B5900-ms.tif	https://maxar-opendata.s3.amazonaws.com/events/WildFires-LosAngeles-Jan-2025/ard/11/031311102021/2024-12-21/10400100A17B5900-pan.tif	https://maxar-opendata.s3.amazonaws.com/events/WildFires-LosAngeles-Jan-2025/ard/11/031311102021/2024-12-21/10400100A17B5900-data-mask.gpkg
2024-12-21 18:51:49+00:00	WV03	0.35	0.0.1	10400100A17B5900	11	031311102030	19.8	304.2	68.1	163.7	30.8	32611	MXRA-Z11-031311102030	349843.75,3784843.75,355156.25,3790156.25	28.2	0.0	0	https://maxar-opendata.s3.amazonaws.com/events/WildFires-LosAngeles-Jan-2025/ard/11/031311102030/2024-12-21/10400100A17B5900-visual.tif	https://maxar-opendata.s3.amazonaws.com/events/WildFires-LosAngeles-Jan-2025/ard/11/031311102030/2024-12-21/10400100A17B5900-ms.tif	https://maxar-opendata.s3.amazonaws.com/events/WildFires-LosAngeles-Jan-2025/ard/11/031311102030/2024-12-21/10400100A17B5900-pan.tif	https://maxar-opendata.s3.amazonaws.com/events/WildFires-LosAngeles-Jan-2025/ard/11/031311102030/2024-12-21/10400100A17B5900-data-mask.gpkg
2024-12-21 18:51:49+00:00	WV03	0.35	0.0.1	10400100A17B5900	11	031311102031	20.1	303.8	67.9	163.7	30.8	32611	MXRA-Z11-031311102031	354843.75,3784843.75,357995.30029296875,3790156.25	16.5	0.0	0	https://maxar-opendata.s3.amazonaws.com/events/WildFires-LosAngeles-Jan-2025/ard/11/031311102031/2024-12-21/10400100A17B5900-visual.tif	https://maxar-opendata.s3.amazonaws.com/events/WildFires-LosAngeles-Jan-2025/ard/11/031311102031/2024-12-21/10400100A17B5900-ms.tif	https://maxar-opendata.s3.amazonaws.com/events/WildFires-LosAngeles-Jan-2025/ard/11/031311102031/2024-12-21/10400100A17B5900-pan.tif	https://maxar-opendata.s3.amazonaws.com/events/WildFires-LosAngeles-Jan-2025/ard/11/031311102031/2024-12-21/10400100A17B5900-data-mask.gpkg
2024-12-21 18:51:50+00:00	WV03	0.35	0.0.1	10400100A17B5900	11	031311102023	19.6	304.6	68.4	163.7	30.8	32611	MXRA-Z11-031311102023	348185.8757335442,3779843.75,350156.25,3785156.25	10.4	0.0	0	https://maxar-opendata.s3.amazonaws.com/events/WildFires-LosAngeles-Jan-2025/ard/11/031311102023/2024-12-21/10400100A17B5900-visual.tif	https://maxar-opendata.s3.amazonaws.com/events/WildFires-LosAngeles-Jan-2025/ard/11/031311102023/2024-12-21/10400100A17B5900-ms.tif	https://maxar-opendata.s3.amazonaws.com/events/WildFires-LosAngeles-Jan-2025/ard/11/031311102023/2024-12-21/10400100A17B5900-pan.tif	https://maxar-opendata.s3.amazonaws.com/events/WildFires-LosAngeles-Jan-2025/ard/11/031311102023/2024-12-21/10400100A17B5900-data-mask.gpkg
2024-12-21 18:51:50+00:00	WV03	0.35	0.0.1	10400100A17B5900	11	031311102032	19.9	304.0	68.0	163.7	30.8	32611	MXRA-Z11-031311102032	349843.75,3779843.75,355156.25,3785156.25	28.2	0.0	0	https://maxar-opendata.s3.amazonaws.com/events/WildFires-LosAngeles-Jan-2025/ard/11/031311102032/2024-12-21/10400100A17B5900-visual.tif	https://maxar-opendata.s3.amazonaws.com/events/WildFires-LosAngeles-Jan-2025/ard/11/031311102032/2024-12-21/10400100A17B5900-ms.tif	https://maxar-opendata.s3.amazonaws.com/events/WildFires-LosAngeles-Jan-2025/ard/11/031311102032/2024-12-21/10400100A17B5900-pan.tif	https://maxar-opendata.s3.amazonaws.com/events/WildFires-LosAngeles-Jan-2025/ard/11/031311102032/2024-12-21/10400100A17B5900-data-mask.gpkg
2024-12-21 18:51:50+00:00	WV03	0.35	0.0.1	10400100A17B5900	11	031311102033	20.2	303.6	67.8	163.7	30.8	32611	MXRA-Z11-031311102033	354843.75,3779843.75,357938.8427734375,3785156.25	16.2	0.0	0	https://maxar-opendata.s3.amazonaws.com/events/WildFires-LosAngeles-Jan-2025/ard/11/031311102033/2024-12-21/10400100A17B5900-visual.tif	https://maxar-opendata.s3.amazonaws.com/events/WildFires-LosAngeles-Jan-2025/ard/11/031311102033/2024-12-21/10400100A17B5900-ms.tif	https://maxar-opendata.s3.amazonaws.com/events/WildFires-LosAngeles-Jan-2025/ard/11/031311102033/2024-12-21/10400100A17B5900-pan.tif	https://maxar-opendata.s3.amazonaws.com/events/WildFires-LosAngeles-Jan-2025/ard/11/031311102033/2024-12-21/10400100A17B5900-data-mask.gpkg
2024-12-21 18:51:50+00:00	WV03	0.35	0.0.1	10400100A17B5900	11	031311102211	20.2	303.5	67.7	163.7	30.8	32611	MXRA-Z11-031311102211	354843.75,3774843.75,357851.5625,3780156.25	15.5	0.0	0	https://maxar-opendata.s3.amazonaws.com/events/WildFires-LosAngeles-Jan-2025/ard/11/031311102211/2024-12-21/10400100A17B5900-visual.tif	https://maxar-opendata.s3.amazonaws.com/events/WildFires-LosAngeles-Jan-2025/ard/11/031311102211/2024-12-21/10400100A17B5900-ms.tif	https://maxar-opendata.s3.amazonaws.com/events/WildFires-LosAngeles-Jan-2025/ard/11/031311102211/2024-12-21/10400100A17B5900-pan.tif	https://maxar-opendata.s3.amazonaws.com/events/WildFires-LosAngeles-Jan-2025/ard/11/031311102211/2024-12-21/10400100A17B5900-data-mask.gpkg
2024-12-21 18:51:51+00:00	WV03	0.35	0.0.1	10400100A17B5900	11	031311102201	19.7	304.5	68.3	163.7	30.8	32611	MXRA-Z11-031311102201	348193.71228735516,3774843.75,350156.25,3780156.25	10.4	0.0	0	https://maxar-opendata.s3.amazonaws.com/events/WildFires-LosAngeles-Jan-2025/ard/11/031311102201/2024-12-21/10400100A17B5900-visual.tif	https://maxar-opendata.s3.amazonaws.com/events/WildFires-LosAngeles-Jan-2025/ard/11/031311102201/2024-12-21/10400100A17B5900-ms.tif	https://maxar-opendata.s3.amazonaws.com/events/WildFires-LosAngeles-Jan-2025/ard/11/031311102201/2024-12-21/10400100A17B5900-pan.tif	https://maxar-opendata.s3.amazonaws.com/events/WildFires-LosAngeles-Jan-2025/ard/11/031311102201/2024-12-21/10400100A17B5900-data-mask.gpkg
2024-12-21 18:51:51+00:00	WV03	0.35	0.0.1	10400100A17B5900	11	031311102203	19.8	304.3	68.2	163.7	30.9	32611	MXRA-Z11-031311102203	348201.5488411661,3769843.75,350156.25,3775156.25	10.3	0.0	0	https://maxar-opendata.s3.amazonaws.com/events/WildFires-LosAngeles-Jan-2025/ard/11/031311102203/2024-12-21/10400100A17B5900-visual.tif	https://maxar-opendata.s3.amazonaws.com/events/WildFires-LosAngeles-Jan-2025/ard/11/031311102203/2024-12-21/10400100A17B5900-ms.tif	https://maxar-opendata.s3.amazonaws.com/events/WildFires-LosAngeles-Jan-2025/ard/11/031311102203/2024-12-21/10400100A17B5900-pan.tif	https://maxar-opendata.s3.amazonaws.com/events/WildFires-LosAngeles-Jan-2025/ard/11/031311102203/2024-12-21/10400100A17B5900-data-mask.gpkg
2024-12-21 18:51:51+00:00	WV03	0.35	0.0.1	10400100A17B5900	11	031311102210	20.0	303.9	67.9	163.7	30.8	32611	MXRA-Z11-031311102210	349843.75,3774843.75,355156.25,3780156.25	28.2	0.0	0	https://maxar-opendata.s3.amazonaws.com/events/WildFires-LosAngeles-Jan-2025/ard/11/031311102210/2024-12-21/10400100A17B5900-visual.tif	https://maxar-opendata.s3.amazonaws.com/events/WildFires-LosAngeles-Jan-2025/ard/11/031311102210/2024-12-21/10400100A17B5900-ms.tif	https://maxar-opendata.s3.amazonaws.com/events/WildFires-LosAngeles-Jan-2025/ard/11/031311102210/2024-12-21/10400100A17B5900-pan.tif	https://maxar-opendata.s3.amazonaws.com/events/WildFires-LosAngeles-Jan-2025/ard/11/031311102210/2024-12-21/10400100A17B5900-data-mask.gpkg
2024-12-21 18:51:51+00:00	WV03	0.35	0.0.1	10400100A17B5900	11	031311102212	20.1	303.7	67.8	163.7	30.9	32611	MXRA-Z11-031311102212	349843.75,3769843.75,355156.25,3775156.25	28.2	0.0	0	https://maxar-opendata.s3.amazonaws.com/events/WildFires-LosAngeles-Jan-2025/ard/11/031311102212/2024-12-21/10400100A17B5900-visual.tif	https://maxar-opendata.s3.amazonaws.com/events/WildFires-LosAngeles-Jan-2025/ard/11/031311102212/2024-12-21/10400100A17B5900-ms.tif	https://maxar-opendata.s3.amazonaws.com/events/WildFires-LosAngeles-Jan-2025/ard/11/031311102212/2024-12-21/10400100A17B5900-pan.tif	https://maxar-opendata.s3.amazonaws.com/events/WildFires-LosAngeles-Jan-2025/ard/11/031311102212/2024-12-21/10400100A17B5900-data-mask.gpkg
2024-12-21 18:51:51+00:00	WV03	0.35	0.0.1	10400100A17B5900	11	031311102213	20.3	303.3	67.6	163.7	30.9	32611	MXRA-Z11-031311102213	354843.75,3769843.75,357745.05615234375,3775156.25	15.1	0.0	0	https://maxar-opendata.s3.amazonaws.com/events/WildFires-LosAngeles-Jan-2025/ard/11/031311102213/2024-12-21/10400100A17B5900-visual.tif	https://maxar-opendata.s3.amazonaws.com/events/WildFires-LosAngeles-Jan-2025/ard/11/031311102213/2024-12-21/10400100A17B5900-ms.tif	https://maxar-opendata.s3.amazonaws.com/events/WildFires-LosAngeles-Jan-2025/ard/11/031311102213/2024-12-21/10400100A17B5900-pan.tif	https://maxar-opendata.s3.amazonaws.com/events/WildFires-LosAngeles-Jan-2025/ard/11/031311102213/2024-12-21/10400100A17B5900-data-mask.gpkg
2024-12-21 18:52:32+00:00	WV03	0.38	0.0.1	10400100A0BD9A00	11	031311100332	27.5	237.9	59.5	164.2	30.7	32611	MXRA-Z11-031311100332	369843.75,3799843.75,371123.62201794673,3804479.9088855395	5.0	0.0	0	https://maxar-opendata.s3.amazonaws.com/events/WildFires-LosAngeles-Jan-2025/ard/11/031311100332/2024-12-21/10400100A0BD9A00-visual.tif	https://maxar-opendata.s3.amazonaws.com/events/WildFires-LosAngeles-Jan-2025/ard/11/031311100332/2024-12-21/10400100A0BD9A00-ms.tif	https://maxar-opendata.s3.amazonaws.com/events/WildFires-LosAngeles-Jan-2025/ard/11/031311100332/2024-12-21/10400100A0BD9A00-pan.tif	https://maxar-opendata.s3.amazonaws.com/events/WildFires-LosAngeles-Jan-2025/ard/11/031311100332/2024-12-21/10400100A0BD9A00-data-mask.gpkg
2024-12-21 18:52:32+00:00	WV03	0.38	0.0.1	10400100A0BD9A00	11	031311102110	27.1	239.3	60.0	164.2	30.7	32611	MXRA-Z11-031311102110	369843.75,3794843.75,370802.594170138,3800156.25	4.0	0.0	0	https://maxar-opendata.s3.amazonaws.com/events/WildFires-LosAngeles-Jan-2025/ard/11/031311102110/2024-12-21/10400100A0BD9A00-visual.tif	https://maxar-opendata.s3.amazonaws.com/events/WildFires-LosAngeles-Jan-2025/ard/11/031311102110/2024-12-21/10400100A0BD9A00-ms.tif	https://maxar-opendata.s3.amazonaws.com/events/WildFires-LosAngeles-Jan-2025/ard/11/031311102110/2024-12-21/10400100A0BD9A00-pan.tif	https://maxar-opendata.s3.amazonaws.com/events/WildFires-LosAngeles-Jan-2025/ard/11/031311102110/2024-12-21/10400100A0BD9A00-data-mask.gpkg
2024-12-25 18:50:39+00:00	GE01	0.47	0.0.1	105001003FC45900	11	031311103033	22.4	281.2	65.1	163.4	30.8	32611	MXRA-Z11-031311103033	394843.75,3779843.75,400156.25,3783070.068359375	16.5	0.0	0	https://maxar-opendata.s3.amazonaws.com/events/WildFires-LosAngeles-Jan-2025/ard/11/031311103033/2024-12-25/105001003FC45900-visual.tif	https://maxar-opendata.s3.amazonaws.com/events/WildFires-LosAngeles-Jan-2025/ard/11/031311103033/2024-12-25/105001003FC45900-ms.tif	https://maxar-opendata.s3.amazonaws.com/events/WildFires-LosAngeles-Jan-2025/ard/11/031311103033/2024-12-25/105001003FC45900-pan.tif	https://maxar-opendata.s3.amazonaws.com/events/WildFires-LosAngeles-Jan-2025/ard/11/031311103033/2024-12-25/105001003FC45900-data-mask.gpkg
2024-12-25 18:50:39+00:00	GE01	0.47	0.0.1	105001003FC45900	11	031311103122	22.7	281.0	64.7	163.4	30.8	32611	MXRA-Z11-031311103122	399843.75,3779843.75,404555.8839746398,3782861.6333007812	13.7	0.7	5	https://maxar-opendata.s3.amazonaws.com/events/WildFires-LosAngeles-Jan-2025/ard/11/031311103122/2024-12-25/105001003FC45900-visual.tif	https://maxar-opendata.s3.amazonaws.com/events/WildFires-LosAngeles-Jan-2025/ard/11/031311103122/2024-12-25/105001003FC45900-ms.tif	https://maxar-opendata.s3.amazonaws.com/events/WildFires-LosAngeles-Jan-2025/ard/11/031311103122/2024-12-25/105001003FC45900-pan.tif	https://maxar-opendata.s3.amazonaws.com/events/WildFires-LosAngeles-Jan-2025/ard/11/031311103122/2024-12-25/105001003FC45900-data-mask.gpkg
2024-12-25 18:50:39+00:00	GE01	0.47	0.0.1	105001003FC45900	11	031311103210	22.1	283.4	65.4	163.4	30.8	32611	MXRA-Z11-031311103210	394491.94595327677,3777718.2077570483,395156.25,3780156.25	1.5	0.0	0	https://maxar-opendata.s3.amazonaws.com/events/WildFires-LosAngeles-Jan-2025/ard/11/031311103210/2024-12-25/105001003FC45900-visual.tif	https://maxar-opendata.s3.amazonaws.com/events/WildFires-LosAngeles-Jan-2025/ard/11/031311103210/2024-12-25/105001003FC45900-ms.tif	https://maxar-opendata.s3.amazonaws.com/events/WildFires-LosAngeles-Jan-2025/ard/11/031311103210/2024-12-25/105001003FC45900-pan.tif	https://maxar-opendata.s3.amazonaws.com/events/WildFires-LosAngeles-Jan-2025/ard/11/031311103210/2024-12-25/105001003FC45900-data-mask.gpkg
2024-12-25 18:50:39+00:00	GE01	0.47	0.0.1	105001003FC45900	11	031311103211	22.4	283.1	65.1	163.4	30.8	32611	MXRA-Z11-031311103211	394843.75,3777664.824782054,400156.25,3780156.25	13.0	0.0	0	https://maxar-opendata.s3.amazonaws.com/events/WildFires-LosAngeles-Jan-2025/ard/11/031311103211/2024-12-25/105001003FC45900-visual.tif	https://maxar-opendata.s3.amazonaws.com/events/WildFires-LosAngeles-Jan-2025/ard/11/031311103211/2024-12-25/105001003FC45900-ms.tif	https://maxar-opendata.s3.amazonaws.com/events/WildFires-LosAngeles-Jan-2025/ard/11/031311103211/2024-12-25/105001003FC45900-pan.tif	https://maxar-opendata.s3.amazonaws.com/events/WildFires-LosAngeles-Jan-2025/ard/11/031311103211/2024-12-25/105001003FC45900-data-mask.gpkg
2024-12-25 18:50:39+00:00	GE01	0.47	0.0.1	105001003FC45900	11	031311103300	22.7	282.8	64.7	163.4	30.8	32611	MXRA-Z11-031311103300	399843.75,3777618.400775997,404530.2287345859,3780156.25	11.7	0.0	0	https://maxar-opendata.s3.amazonaws.com/events/WildFires-LosAngeles-Jan-2025/ard/11/031311103300/2024-12-25/105001003FC45900-visual.tif	https://maxar-opendata.s3.amazonaws.com/events/WildFires-LosAngeles-Jan-2025/ard/11/031311103300/2024-12-25/105001003FC45900-ms.tif	https://maxar-opendata.s3.amazonaws.com/events/WildFires-LosAngeles-Jan-2025/ard/11/031311103300/2024-12-25/105001003FC45900-pan.tif	https://maxar-opendata.s3.amazonaws.com/events/WildFires-LosAngeles-Jan-2025/ard/11/031311103300/2024-12-25/105001003FC45900-data-mask.gpkg
2024-12-26 18:33:49+00:00	WV03	0.37	0.0.1	10400100A1028F00	11	031311103120	25.3	157.7	62.0	159.0	29.6	32611	MXRA-Z11-031311103120	399843.75,3784843.75,404605.62313630193,3787630.552860216	13.1	0.0	0	https://maxar-opendata.s3.amazonaws.com/events/WildFires-LosAngeles-Jan-2025/ard/11/031311103120/2024-12-26/10400100A1028F00-visual.tif	https://maxar-opendata.s3.amazonaws.com/events/WildFires-LosAngeles-Jan-2025/ard/11/031311103120/2024-12-26/10400100A1028F00-ms.tif	https://maxar-opendata.s3.amazonaws.com/events/WildFires-LosAngeles-Jan-2025/ard/11/031311103120/2024-12-26/10400100A1028F00-pan.tif	https://maxar-opendata.s3.amazonaws.com/events/WildFires-LosAngeles-Jan-2025/ard/11/031311103120/2024-12-26/10400100A1028F00-data-mask.gpkg
2024-12-26 18:33:49+00:00	WV03	0.37	0.0.1	10400100A1028F00	11	031311103122	25.3	157.9	62.1	159.0	29.6	32611	MXRA-Z11-031311103122	399843.75,3779843.75,404581.0106962208,3785156.25	25.0	0.0	0	https://maxar-opendata.s3.amazonaws.com/events/WildFires-LosAngeles-Jan-2025/ard/11/031311103122/2024-12-26/10400100A1028F00-visual.tif	https://maxar-opendata.s3.amazonaws.com/events/WildFires-LosAngeles-Jan-2025/ard/11/031311103122/2024-12-26/10400100A1028F00-ms.tif	https://maxar-opendata.s3.amazonaws.com/events/WildFires-LosAngeles-Jan-2025/ard/11/031311103122/2024-12-26/10400100A1028F00-pan.tif	https://maxar-opendata.s3.amazonaws.com/events/WildFires-LosAngeles-Jan-2025/ard/11/031311103122/2024-12-26/10400100A1028F00-data-mask.gpkg
2024-12-26 18:33:50+00:00	WV03	0.37	0.0.1	10400100A1028F00	11	031311103300	25.2	158.0	62.1	159.0	29.7	32611	MXRA-Z11-031311103300	399843.75,3777618.400775997,404530.2287345859,3780156.25	11.7	0.0	0	https://maxar-opendata.s3.amazonaws.com/events/WildFires-LosAngeles-Jan-2025/ard/11/031311103300/2024-12-26/10400100A1028F00-visual.tif	https://maxar-opendata.s3.amazonaws.com/events/WildFires-LosAngeles-Jan-2025/ard/11/031311103300/2024-12-26/10400100A1028F00-ms.tif	https://maxar-opendata.s3.amazonaws.com/events/WildFires-LosAngeles-Jan-2025/ard/11/031311103300/2024-12-26/10400100A1028F00-pan.tif	https://maxar-opendata.s3.amazonaws.com/events/WildFires-LosAngeles-Jan-2025/ard/11/031311103300/2024-12-26/10400100A1028F00-data-mask.gpkg
2025-01-01 18:29:57+00:00	WV03	0.36	0.0.1	10400100A17E8600	11	031311103120	23.5	126.0	64.0	157.1	29.5	32611	MXRA-Z11-031311103120	399843.75,3784843.75,404605.62313630193,3787630.552860216	13.1	0.0	0	https://maxar-opendata.s3.amazonaws.com/events/WildFires-LosAngeles-Jan-2025/ard/11/031311103120/2025-01-01/10400100A17E8600-visual.tif	https://maxar-opendata.s3.amazonaws.com/events/WildFires-LosAngeles-Jan-2025/ard/11/031311103120/2025-01-01/10400100A17E8600-ms.tif	https://maxar-opendata.s3.amazonaws.com/events/WildFires-LosAngeles-Jan-2025/ard/11/031311103120/2025-01-01/10400100A17E8600-pan.tif	https://maxar-opendata.s3.amazonaws.com/events/WildFires-LosAngeles-Jan-2025/ard/11/031311103120/2025-01-01/10400100A17E8600-data-mask.gpkg
2025-01-01 18:29:58+00:00	WV03	0.36	0.0.1	10400100A17E8600	11	031311103030	24.1	125.0	63.3	157.1	29.5	32611	MXRA-Z11-031311103030	394571.82557080354,3784843.75,395156.25,3787686.627778207	1.6	0.0	0	https://maxar-opendata.s3.amazonaws.com/events/WildFires-LosAngeles-Jan-2025/ard/11/031311103030/2025-01-01/10400100A17E8600-visual.tif	https://maxar-opendata.s3.amazonaws.com/events/WildFires-LosAngeles-Jan-2025/ard/11/031311103030/2025-01-01/10400100A17E8600-ms.tif	https://maxar-opendata.s3.amazonaws.com/events/WildFires-LosAngeles-Jan-2025/ard/11/031311103030/2025-01-01/10400100A17E8600-pan.tif	https://maxar-opendata.s3.amazonaws.com/events/WildFires-LosAngeles-Jan-2025/ard/11/031311103030/2025-01-01/10400100A17E8600-data-mask.gpkg
2025-01-01 18:29:58+00:00	WV03	0.36	0.0.1	10400100A17E8600	11	031311103031	23.8	125.5	63.7	157.1	29.5	32611	MXRA-Z11-031311103031	394843.75,3784843.75,400156.25,3787684.059225448	14.9	0.0	0	https://maxar-opendata.s3.amazonaws.com/events/WildFires-LosAngeles-Jan-2025/ard/11/031311103031/2025-01-01/10400100A17E8600-visual.tif	https://maxar-opendata.s3.amazonaws.com/events/WildFires-LosAngeles-Jan-2025/ard/11/031311103031/2025-01-01/10400100A17E8600-ms.tif	https://maxar-opendata.s3.amazonaws.com/events/WildFires-LosAngeles-Jan-2025/ard/11/031311103031/2025-01-01/10400100A17E8600-pan.tif	https://maxar-opendata.s3.amazonaws.com/events/WildFires-LosAngeles-Jan-2025/ard/11/031311103031/2025-01-01/10400100A17E8600-data-mask.gpkg
2025-01-01 18:29:58+00:00	WV03	0.36	0.0.1	10400100A17E8600	11	031311103032	24.1	125.1	63.4	157.1	29.6	32611	MXRA-Z11-031311103032	394515.7181173057,3779843.75,395156.25,3785156.25	3.2	0.0	0	https://maxar-opendata.s3.amazonaws.com/events/WildFires-LosAngeles-Jan-2025/ard/11/031311103032/2025-01-01/10400100A17E8600-visual.tif	https://maxar-opendata.s3.amazonaws.com/events/WildFires-LosAngeles-Jan-2025/ard/11/031311103032/2025-01-01/10400100A17E8600-ms.tif	https://maxar-opendata.s3.amazonaws.com/events/WildFires-LosAngeles-Jan-2025/ard/11/031311103032/2025-01-01/10400100A17E8600-pan.tif	https://maxar-opendata.s3.amazonaws.com/events/WildFires-LosAngeles-Jan-2025/ard/11/031311103032/2025-01-01/10400100A17E8600-data-mask.gpkg
2025-01-01 18:29:58+00:00	WV03	0.36	0.0.1	10400100A17E8600	11	031311103033	23.8	125.6	63.8	157.1	29.6	32611	MXRA-Z11-031311103033	394843.75,3779843.75,400156.25,3785156.25	28.2	0.0	0	https://maxar-opendata.s3.amazonaws.com/events/WildFires-LosAngeles-Jan-2025/ard/11/031311103033/2025-01-01/10400100A17E8600-visual.tif	https://maxar-opendata.s3.amazonaws.com/events/WildFires-LosAngeles-Jan-2025/ard/11/031311103033/2025-01-01/10400100A17E8600-ms.tif	https://maxar-opendata.s3.amazonaws.com/events/WildFires-LosAngeles-Jan-2025/ard/11/031311103033/2025-01-01/10400100A17E8600-pan.tif	https://maxar-opendata.s3.amazonaws.com/events/WildFires-LosAngeles-Jan-2025/ard/11/031311103033/2025-01-01/10400100A17E8600-data-mask.gpkg
2025-01-01 18:29:58+00:00	WV03	0.36	0.0.1	10400100A17E8600	11	031311103122	23.5	126.1	64.1	157.1	29.5	32611	MXRA-Z11-031311103122	399843.75,3779843.75,404581.0106962208,3785156.25	25.0	0.0	0	https://maxar-opendata.s3.amazonaws.com/events/WildFires-LosAngeles-Jan-2025/ard/11/031311103122/2025-01-01/10400100A17E8600-visual.tif	https://maxar-opendata.s3.amazonaws.com/events/WildFires-LosAngeles-Jan-2025/ard/11/031311103122/2025-01-01/10400100A17E8600-ms.tif	https://maxar-opendata.s3.amazonaws.com/events/WildFires-LosAngeles-Jan-2025/ard/11/031311103122/2025-01-01/10400100A17E8600-pan.tif	https://maxar-opendata.s3.amazonaws.com/events/WildFires-LosAngeles-Jan-2025/ard/11/031311103122/2025-01-01/10400100A17E8600-data-mask.gpkg
2025-01-01 18:29:59+00:00	WV03	0.36	0.0.1	10400100A17E8600	11	031311103210	24.0	125.2	63.5	157.1	29.6	32611	MXRA-Z11-031311103210	394491.94595327677,3777718.2077570483,395156.25,3780156.25	1.5	0.0	0	https://maxar-opendata.s3.amazonaws.com/events/WildFires-LosAngeles-Jan-2025/ard/11/031311103210/2025-01-01/10400100A17E8600-visual.tif	https://maxar-opendata.s3.amazonaws.com/events/WildFires-LosAngeles-Jan-2025/ard/11/031311103210/2025-01-01/10400100A17E8600-ms.tif	https://maxar-opendata.s3.amazonaws.com/events/WildFires-LosAngeles-Jan-2025/ard/11/031311103210/2025-01-01/10400100A17E8600-pan.tif	https://maxar-opendata.s3.amazonaws.com/events/WildFires-LosAngeles-Jan-2025/ard/11/031311103210/2025-01-01/10400100A17E8600-data-mask.gpkg
2025-01-01 18:29:59+00:00	WV03	0.36	0.0.1	10400100A17E8600	11	031311103211	23.7	125.7	63.8	157.1	29.6	32611	MXRA-Z11-031311103211	394843.75,3777664.824782054,400156.25,3780156.25	13.0	0.0	0	https://maxar-opendata.s3.amazonaws.com/events/WildFires-LosAngeles-Jan-2025/ard/11/031311103211/2025-01-01/10400100A17E8600-visual.tif	https://maxar-opendata.s3.amazonaws.com/events/WildFires-LosAngeles-Jan-2025/ard/11/031311103211/2025-01-01/10400100A17E8600-ms.tif	https://maxar-opendata.s3.amazonaws.com/events/WildFires-LosAngeles-Jan-2025/ard/11/031311103211/2025-01-01/10400100A17E8600-pan.tif	https://maxar-opendata.s3.amazonaws.com/events/WildFires-LosAngeles-Jan-2025/ard/11/031311103211/2025-01-01/10400100A17E8600-data-mask.gpkg
2025-01-01 18:29:59+00:00	WV03	0.36	0.0.1	10400100A17E8600	11	031311103300	23.4	126.2	64.2	157.1	29.6	32611	MXRA-Z11-031311103300	399843.75,3777618.400775997,404530.2287345859,3780156.25	11.7	0.0	0	https://maxar-opendata.s3.amazonaws.com/events/WildFires-LosAngeles-Jan-2025/ard/11/031311103300/2025-01-01/10400100A17E8600-visual.tif	https://maxar-opendata.s3.amazonaws.com/events/WildFires-LosAngeles-Jan-2025/ard/11/031311103300/2025-01-01/10400100A17E8600-ms.tif	https://maxar-opendata.s3.amazonaws.com/events/WildFires-LosAngeles-Jan-2025/ard/11/031311103300/2025-01-01/10400100A17E8600-pan.tif	https://maxar-opendata.s3.amazonaws.com/events/WildFires-LosAngeles-Jan-2025/ard/11/031311103300/2025-01-01/10400100A17E8600-data-mask.gpkg
2025-01-08 18:40:42+00:00	WV03	0.34	0.0.1	10400100A1349500	11	031311103031	18.6	9.8	69.5	158.7	30.8	32611	MXRA-Z11-031311103031	394843.75,3784843.75,400156.25,3787684.059225448	14.9	0.5	3	https://maxar-opendata.s3.amazonaws.com/events/WildFires-LosAngeles-Jan-2025/ard/11/031311103031/2025-01-08/10400100A1349500-visual.tif	https://maxar-opendata.s3.amazonaws.com/events/WildFires-LosAngeles-Jan-2025/ard/11/031311103031/2025-01-08/10400100A1349500-ms.tif	https://maxar-opendata.s3.amazonaws.com/events/WildFires-LosAngeles-Jan-2025/ard/11/031311103031/2025-01-08/10400100A1349500-pan.tif	https://maxar-opendata.s3.amazonaws.com/events/WildFires-LosAngeles-Jan-2025/ard/11/031311103031/2025-01-08/10400100A1349500-data-mask.gpkg
2025-01-08 18:40:42+00:00	WV03	0.34	0.0.1	10400100A1349500	11	031311103120	18.5	8.5	69.6	158.7	30.8	32611	MXRA-Z11-031311103120	399843.75,3784843.75,404605.62313630193,3787630.552860216	13.1	2.1	16	https://maxar-opendata.s3.amazonaws.com/events/WildFires-LosAngeles-Jan-2025/ard/11/031311103120/2025-01-08/10400100A1349500-visual.tif	https://maxar-opendata.s3.amazonaws.com/events/WildFires-LosAngeles-Jan-2025/ard/11/031311103120/2025-01-08/10400100A1349500-ms.tif	https://maxar-opendata.s3.amazonaws.com/events/WildFires-LosAngeles-Jan-2025/ard/11/031311103120/2025-01-08/10400100A1349500-pan.tif	https://maxar-opendata.s3.amazonaws.com/events/WildFires-LosAngeles-Jan-2025/ard/11/031311103120/2025-01-08/10400100A1349500-data-mask.gpkg
2025-01-08 18:41:37+00:00	WV03	0.33	0.0.1	104001009C64B300	11	031311103300	14.3	199.0	74.2	159.0	30.9	32611	MXRA-Z11-031311103300	399843.75,3777618.400775997,404530.2287345859,3780156.25	11.7	0.0	0	https://maxar-opendata.s3.amazonaws.com/events/WildFires-LosAngeles-Jan-2025/ard/11/031311103300/2025-01-08/104001009C64B300-visual.tif	https://maxar-opendata.s3.amazonaws.com/events/WildFires-LosAngeles-Jan-2025/ard/11/031311103300/2025-01-08/104001009C64B300-ms.tif	https://maxar-opendata.s3.amazonaws.com/events/WildFires-LosAngeles-Jan-2025/ard/11/031311103300/2025-01-08/104001009C64B300-pan.tif	https://maxar-opendata.s3.amazonaws.com/events/WildFires-LosAngeles-Jan-2025/ard/11/031311103300/2025-01-08/104001009C64B300-data-mask.gpkg
2025-01-08 18:41:38+00:00	WV03	0.33	0.0.1	104001009C64B300	11	031311103031	15.7	196.1	72.7	159.0	30.9	32611	MXRA-Z11-031311103031	394843.75,3784843.75,400156.25,3787684.059225448	14.9	0.5	3	https://maxar-opendata.s3.amazonaws.com/events/WildFires-LosAngeles-Jan-2025/ard/11/031311103031/2025-01-08/104001009C64B300-visual.tif	https://maxar-opendata.s3.amazonaws.com/events/WildFires-LosAngeles-Jan-2025/ard/11/031311103031/2025-01-08/104001009C64B300-ms.tif	https://maxar-opendata.s3.amazonaws.com/events/WildFires-LosAngeles-Jan-2025/ard/11/031311103031/2025-01-08/104001009C64B300-pan.tif	https://maxar-opendata.s3.amazonaws.com/events/WildFires-LosAngeles-Jan-2025/ard/11/031311103031/2025-01-08/104001009C64B300-data-mask.gpkg
2025-01-08 18:41:38+00:00	WV03	0.33	0.0.1	104001009C64B300	11	031311103120	15.8	197.7	72.6	159.0	30.9	32611	MXRA-Z11-031311103120	399843.75,3784843.75,404605.62313630193,3787630.552860216	13.1	2.6	20	https://maxar-opendata.s3.amazonaws.com/events/WildFires-LosAngeles-Jan-2025/ard/11/031311103120/2025-01-08/104001009C64B300-visual.tif	https://maxar-opendata.s3.amazonaws.com/events/WildFires-LosAngeles-Jan-2025/ard/11/031311103120/2025-01-08/104001009C64B300-ms.tif	https://maxar-opendata.s3.amazonaws.com/events/WildFires-LosAngeles-Jan-2025/ard/11/031311103120/2025-01-08/104001009C64B300-pan.tif	https://maxar-opendata.s3.amazonaws.com/events/WildFires-LosAngeles-Jan-2025/ard/11/031311103120/2025-01-08/104001009C64B300-data-mask.gpkg
2025-01-08 18:41:49+00:00	WV03	0.36	0.0.1	10400100A24E1900	11	031311103120	22.6	196.2	65.0	159.1	30.9	32611	MXRA-Z11-031311103120	400350.9521484375,3784843.75,404605.62313630193,3787624.991960732	11.6	2.3	19	https://maxar-opendata.s3.amazonaws.com/events/WildFires-LosAngeles-Jan-2025/ard/11/031311103120/2025-01-08/10400100A24E1900-visual.tif	https://maxar-opendata.s3.amazonaws.com/events/WildFires-LosAngeles-Jan-2025/ard/11/031311103120/2025-01-08/10400100A24E1900-ms.tif	https://maxar-opendata.s3.amazonaws.com/events/WildFires-LosAngeles-Jan-2025/ard/11/031311103120/2025-01-08/10400100A24E1900-pan.tif	https://maxar-opendata.s3.amazonaws.com/events/WildFires-LosAngeles-Jan-2025/ard/11/031311103120/2025-01-08/10400100A24E1900-data-mask.gpkg
2025-01-08 18:41:51+00:00	WV03	0.36	0.0.1	10400100A24E1900	11	031311103300	22.6	196.7	65.0	159.1	30.9	32611	MXRA-Z11-031311103300	400382.63781618804,3777618.400775997,404530.2287345859,3780156.25	10.3	0.0	0	https://maxar-opendata.s3.amazonaws.com/events/WildFires-LosAngeles-Jan-2025/ard/11/031311103300/2025-01-08/10400100A24E1900-visual.tif	https://maxar-opendata.s3.amazonaws.com/events/WildFires-LosAngeles-Jan-2025/ard/11/031311103300/2025-01-08/10400100A24E1900-ms.tif	https://maxar-opendata.s3.amazonaws.com/events/WildFires-LosAngeles-Jan-2025/ard/11/031311103300/2025-01-08/10400100A24E1900-pan.tif	https://maxar-opendata.s3.amazonaws.com/events/WildFires-LosAngeles-Jan-2025/ard/11/031311103300/2025-01-08/10400100A24E1900-data-mask.gpkg
2025-01-09 18:56:06+00:00	WV03	0.39	0.0.1	104001009F2ED400	11	031311100221	28.6	312.4	58.3	162.0	31.7	32611	MXRA-Z11-031311100221	348153.42388802866,3804843.75,350156.25,3805861.681429734	1.9	0.0	0	https://maxar-opendata.s3.amazonaws.com/events/WildFires-LosAngeles-Jan-2025/ard/11/031311100221/2025-01-09/104001009F2ED400-visual.tif	https://maxar-opendata.s3.amazonaws.com/events/WildFires-LosAngeles-Jan-2025/ard/11/031311100221/2025-01-09/104001009F2ED400-ms.tif	https://maxar-opendata.s3.amazonaws.com/events/WildFires-LosAngeles-Jan-2025/ard/11/031311100221/2025-01-09/104001009F2ED400-pan.tif	https://maxar-opendata.s3.amazonaws.com/events/WildFires-LosAngeles-Jan-2025/ard/11/031311100221/2025-01-09/104001009F2ED400-data-mask.gpkg
2025-01-09 18:56:06+00:00	WV03	0.39	0.0.1	104001009F2ED400	11	031311100230	28.9	312.0	58.0	162.0	31.7	32611	MXRA-Z11-031311100230	349843.75,3804843.75,355156.25,3805753.9999591927	3.9	0.0	0	https://maxar-opendata.s3.amazonaws.com/events/WildFires-LosAngeles-Jan-2025/ard/11/031311100230/2025-01-09/104001009F2ED400-visual.tif	https://maxar-opendata.s3.amazonaws.com/events/WildFires-LosAngeles-Jan-2025/ard/11/031311100230/2025-01-09/104001009F2ED400-ms.tif	https://maxar-opendata.s3.amazonaws.com/events/WildFires-LosAngeles-Jan-2025/ard/11/031311100230/2025-01-09/104001009F2ED400-pan.tif	https://maxar-opendata.s3.amazonaws.com/events/WildFires-LosAngeles-Jan-2025/ard/11/031311100230/2025-01-09/104001009F2ED400-data-mask.gpkg
2025-01-09 18:56:25+00:00	WV03	0.37	0.0.1	10400100A069A700	11	031311100221	26.0	290.1	61.3	162.2	31.7	32611	MXRA-Z11-031311100221	348153.42388802866,3804843.75,350156.25,3805861.681429734	1.9	0.0	0	https://maxar-opendata.s3.amazonaws.com/events/WildFires-LosAngeles-Jan-2025/ard/11/031311100221/2025-01-09/10400100A069A700-visual.tif	https://maxar-opendata.s3.amazonaws.com/events/WildFires-LosAngeles-Jan-2025/ard/11/031311100221/2025-01-09/10400100A069A700-ms.tif	https://maxar-opendata.s3.amazonaws.com/events/WildFires-LosAngeles-Jan-2025/ard/11/031311100221/2025-01-09/10400100A069A700-pan.tif	https://maxar-opendata.s3.amazonaws.com/events/WildFires-LosAngeles-Jan-2025/ard/11/031311100221/2025-01-09/10400100A069A700-data-mask.gpkg
2025-01-09 18:56:25+00:00	WV03	0.38	0.0.1	10400100A069A700	11	031311100230	26.3	289.9	60.9	162.2	31.7	32611	MXRA-Z11-031311100230	349843.75,3804843.75,355156.25,3805753.9999591927	3.9	0.0	0	https://maxar-opendata.s3.amazonaws.com/events/WildFires-LosAngeles-Jan-2025/ard/11/031311100230/2025-01-09/10400100A069A700-visual.tif	https://maxar-opendata.s3.amazonaws.com/events/WildFires-LosAngeles-Jan-2025/ard/11/031311100230/2025-01-09/10400100A069A700-ms.tif	https://maxar-opendata.s3.amazonaws.com/events/WildFires-LosAngeles-Jan-2025/ard/11/031311100230/2025-01-09/10400100A069A700-pan.tif	https://maxar-opendata.s3.amazonaws.com/events/WildFires-LosAngeles-Jan-2025/ard/11/031311100230/2025-01-09/10400100A069A700-data-mask.gpkg
2025-01-09 18:56:25+00:00	WV03	0.38	0.0.1	10400100A069A700	11	031311100231	26.6	289.7	60.6	162.2	31.7	32611	MXRA-Z11-031311100231	354843.75,3804843.75,360156.25,3805435.4771907795	2.2	0.0	0	https://maxar-opendata.s3.amazonaws.com/events/WildFires-LosAngeles-Jan-2025/ard/11/031311100231/2025-01-09/10400100A069A700-visual.tif	https://maxar-opendata.s3.amazonaws.com/events/WildFires-LosAngeles-Jan-2025/ard/11/031311100231/2025-01-09/10400100A069A700-ms.tif	https://maxar-opendata.s3.amazonaws.com/events/WildFires-LosAngeles-Jan-2025/ard/11/031311100231/2025-01-09/10400100A069A700-pan.tif	https://maxar-opendata.s3.amazonaws.com/events/WildFires-LosAngeles-Jan-2025/ard/11/031311100231/2025-01-09/10400100A069A700-data-mask.gpkg
2025-01-09 18:56:26+00:00	WV03	0.37	0.0.1	10400100A069A700	11	031311100223	26.1	290.1	61.2	162.2	31.8	32611	MXRA-Z11-031311100223	348154.5295183005,3799843.75,350156.25,3805156.25	10.6	0.0	0	https://maxar-opendata.s3.amazonaws.com/events/WildFires-LosAngeles-Jan-2025/ard/11/031311100223/2025-01-09/10400100A069A700-visual.tif	https://maxar-opendata.s3.amazonaws.com/events/WildFires-LosAngeles-Jan-2025/ard/11/031311100223/2025-01-09/10400100A069A700-ms.tif	https://maxar-opendata.s3.amazonaws.com/events/WildFires-LosAngeles-Jan-2025/ard/11/031311100223/2025-01-09/10400100A069A700-pan.tif	https://maxar-opendata.s3.amazonaws.com/events/WildFires-LosAngeles-Jan-2025/ard/11/031311100223/2025-01-09/10400100A069A700-data-mask.gpkg
2025-01-09 18:56:26+00:00	WV03	0.38	0.0.1	10400100A069A700	11	031311100232	26.4	289.9	60.8	162.2	31.8	32611	MXRA-Z11-031311100232	349843.75,3799843.75,355156.25,3805156.25	28.2	0.0	0	https://maxar-opendata.s3.amazonaws.com/events/WildFires-LosAngeles-Jan-2025/ard/11/031311100232/2025-01-09/10400100A069A700-visual.tif	https://maxar-opendata.s3.amazonaws.com/events/WildFires-LosAngeles-Jan-2025/ard/11/031311100232/2025-01-09/10400100A069A700-ms.tif	https://maxar-opendata.s3.amazonaws.com/events/WildFires-LosAngeles-Jan-2025/ard/11/031311100232/2025-01-09/10400100A069A700-pan.tif	https://maxar-opendata.s3.amazonaws.com/events/WildFires-LosAngeles-Jan-2025/ard/11/031311100232/2025-01-09/10400100A069A700-data-mask.gpkg
2025-01-09 18:56:26+00:00	WV03	0.38	0.0.1	10400100A069A700	11	031311100233	26.7	289.7	60.5	162.2	31.8	32611	MXRA-Z11-031311100233	354843.75,3799843.75,360156.25,3805156.25	28.1	0.0	0	https://maxar-opendata.s3.amazonaws.com/events/WildFires-LosAngeles-Jan-2025/ard/11/031311100233/2025-01-09/10400100A069A700-visual.tif	https://maxar-opendata.s3.amazonaws.com/events/WildFires-LosAngeles-Jan-2025/ard/11/031311100233/2025-01-09/10400100A069A700-ms.tif	https://maxar-opendata.s3.amazonaws.com/events/WildFires-LosAngeles-Jan-2025/ard/11/031311100233/2025-01-09/10400100A069A700-pan.tif	https://maxar-opendata.s3.amazonaws.com/events/WildFires-LosAngeles-Jan-2025/ard/11/031311100233/2025-01-09/10400100A069A700-data-mask.gpkg
2025-01-09 18:56:27+00:00	WV03	0.38	0.0.1	10400100A069A700	11	031311102001	26.2	290.0	61.1	162.2	31.8	32611	MXRA-Z11-031311102001	348162.3660721114,3794843.75,350156.25,3800156.25	10.5	0.0	0	https://maxar-opendata.s3.amazonaws.com/events/WildFires-LosAngeles-Jan-2025/ard/11/031311102001/2025-01-09/10400100A069A700-visual.tif	https://maxar-opendata.s3.amazonaws.com/events/WildFires-LosAngeles-Jan-2025/ard/11/031311102001/2025-01-09/10400100A069A700-ms.tif	https://maxar-opendata.s3.amazonaws.com/events/WildFires-LosAngeles-Jan-2025/ard/11/031311102001/2025-01-09/10400100A069A700-pan.tif	https://maxar-opendata.s3.amazonaws.com/events/WildFires-LosAngeles-Jan-2025/ard/11/031311102001/2025-01-09/10400100A069A700-data-mask.gpkg
2025-01-09 18:56:27+00:00	WV03	0.38	0.0.1	10400100A069A700	11	031311102003	26.3	290.0	61.0	162.2	31.9	32611	MXRA-Z11-031311102003	348170.20262592233,3789843.75,350156.25,3795156.25	10.5	0.0	0	https://maxar-opendata.s3.amazonaws.com/events/WildFires-LosAngeles-Jan-2025/ard/11/031311102003/2025-01-09/10400100A069A700-visual.tif	https://maxar-opendata.s3.amazonaws.com/events/WildFires-LosAngeles-Jan-2025/ard/11/031311102003/2025-01-09/10400100A069A700-ms.tif	https://maxar-opendata.s3.amazonaws.com/events/WildFires-LosAngeles-Jan-2025/ard/11/031311102003/2025-01-09/10400100A069A700-pan.tif	https://maxar-opendata.s3.amazonaws.com/events/WildFires-LosAngeles-Jan-2025/ard/11/031311102003/2025-01-09/10400100A069A700-data-mask.gpkg
2025-01-09 18:56:27+00:00	WV03	0.38	0.0.1	10400100A069A700	11	031311102010	26.5	289.8	60.7	162.2	31.8	32611	MXRA-Z11-031311102010	349843.75,3794843.75,355156.25,3800156.25	28.2	0.0	0	https://maxar-opendata.s3.amazonaws.com/events/WildFires-LosAngeles-Jan-2025/ard/11/031311102010/2025-01-09/10400100A069A700-visual.tif	https://maxar-opendata.s3.amazonaws.com/events/WildFires-LosAngeles-Jan-2025/ard/11/031311102010/2025-01-09/10400100A069A700-ms.tif	https://maxar-opendata.s3.amazonaws.com/events/WildFires-LosAngeles-Jan-2025/ard/11/031311102010/2025-01-09/10400100A069A700-pan.tif	https://maxar-opendata.s3.amazonaws.com/events/WildFires-LosAngeles-Jan-2025/ard/11/031311102010/2025-01-09/10400100A069A700-data-mask.gpkg
2025-01-09 18:56:27+00:00	WV03	0.38	0.0.1	10400100A069A700	11	031311102011	26.8	289.6	60.3	162.2	31.8	32611	MXRA-Z11-031311102011	354843.75,3794843.75,360156.25,3800156.25	28.2	0.0	0	https://maxar-opendata.s3.amazonaws.com/events/WildFires-LosAngeles-Jan-2025/ard/11/031311102011/2025-01-09/10400100A069A700-visual.tif	https://maxar-opendata.s3.amazonaws.com/events/WildFires-LosAngeles-Jan-2025/ard/11/031311102011/2025-01-09/10400100A069A700-ms.tif	https://maxar-opendata.s3.amazonaws.com/events/WildFires-LosAngeles-Jan-2025/ard/11/031311102011/2025-01-09/10400100A069A700-pan.tif	https://maxar-opendata.s3.amazonaws.com/events/WildFires-LosAngeles-Jan-2025/ard/11/031311102011/2025-01-09/10400100A069A700-data-mask.gpkg
2025-01-09 18:56:27+00:00	WV03	0.38	0.0.1	10400100A069A700	11	031311102012	26.6	289.8	60.6	162.2	31.9	32611	MXRA-Z11-031311102012	349843.75,3789843.75,355156.25,3795156.25	28.2	0.0	0	https://maxar-opendata.s3.amazonaws.com/events/WildFires-LosAngeles-Jan-2025/ard/11/031311102012/2025-01-09/10400100A069A700-visual.tif	https://maxar-opendata.s3.amazonaws.com/events/WildFires-LosAngeles-Jan-2025/ard/11/031311102012/2025-01-09/10400100A069A700-ms.tif	https://maxar-opendata.s3.amazonaws.com/events/WildFires-LosAngeles-Jan-2025/ard/11/031311102012/2025-01-09/10400100A069A700-pan.tif	https://maxar-opendata.s3.amazonaws.com/events/WildFires-LosAngeles-Jan-2025/ard/11/031311102012/2025-01-09/10400100A069A700-data-mask.gpkg
2025-01-09 18:56:27+00:00	WV03	0.38	0.0.1	10400100A069A700	11	031311102013	26.9	289.6	60.2	162.2	31.9	32611	MXRA-Z11-031311102013	354843.75,3789843.75,360156.25,3795156.25	28.2	0.0	0	https://maxar-opendata.s3.amazonaws.com/events/WildFires-LosAngeles-Jan-2025/ard/11/031311102013/2025-01-09/10400100A069A700-visual.tif	https://maxar-opendata.s3.amazonaws.com/events/WildFires-LosAngeles-Jan-2025/ard/11/031311102013/2025-01-09/10400100A069A700-ms.tif	https://maxar-opendata.s3.amazonaws.com/events/WildFires-LosAngeles-Jan-2025/ard/11/031311102013/2025-01-09/10400100A069A700-pan.tif	https://maxar-opendata.s3.amazonaws.com/events/WildFires-LosAngeles-Jan-2025/ard/11/031311102013/2025-01-09/10400100A069A700-data-mask.gpkg
2025-01-09 18:56:28+00:00	WV03	0.38	0.0.1	10400100A069A700	11	031311102021	26.3	290.0	60.9	162.2	31.9	32611	MXRA-Z11-031311102021	348178.03917973326,3784843.75,350156.25,3790156.25	10.4	0.0	0	https://maxar-opendata.s3.amazonaws.com/events/WildFires-LosAngeles-Jan-2025/ard/11/031311102021/2025-01-09/10400100A069A700-visual.tif	https://maxar-opendata.s3.amazonaws.com/events/WildFires-LosAngeles-Jan-2025/ard/11/031311102021/2025-01-09/10400100A069A700-ms.tif	https://maxar-opendata.s3.amazonaws.com/events/WildFires-LosAngeles-Jan-2025/ard/11/031311102021/2025-01-09/10400100A069A700-pan.tif	https://maxar-opendata.s3.amazonaws.com/events/WildFires-LosAngeles-Jan-2025/ard/11/031311102021/2025-01-09/10400100A069A700-data-mask.gpkg
2025-01-09 18:56:28+00:00	WV03	0.38	0.0.1	10400100A069A700	11	031311102030	26.6	289.8	60.5	162.2	31.9	32611	MXRA-Z11-031311102030	349843.75,3784843.75,355156.25,3790156.25	28.2	0.0	0	https://maxar-opendata.s3.amazonaws.com/events/WildFires-LosAngeles-Jan-2025/ard/11/031311102030/2025-01-09/10400100A069A700-visual.tif	https://maxar-opendata.s3.amazonaws.com/events/WildFires-LosAngeles-Jan-2025/ard/11/031311102030/2025-01-09/10400100A069A700-ms.tif	https://maxar-opendata.s3.amazonaws.com/events/WildFires-LosAngeles-Jan-2025/ard/11/031311102030/2025-01-09/10400100A069A700-pan.tif	https://maxar-opendata.s3.amazonaws.com/events/WildFires-LosAngeles-Jan-2025/ard/11/031311102030/2025-01-09/10400100A069A700-data-mask.gpkg
2025-01-09 18:56:28+00:00	WV03	0.38	0.0.1	10400100A069A700	11	031311102031	27.0	289.6	60.1	162.2	31.9	32611	MXRA-Z11-031311102031	354843.75,3784843.75,360156.25,3790156.25	28.2	0.0	0	https://maxar-opendata.s3.amazonaws.com/events/WildFires-LosAngeles-Jan-2025/ard/11/031311102031/2025-01-09/10400100A069A700-visual.tif	https://maxar-opendata.s3.amazonaws.com/events/WildFires-LosAngeles-Jan-2025/ard/11/031311102031/2025-01-09/10400100A069A700-ms.tif	https://maxar-opendata.s3.amazonaws.com/events/WildFires-LosAngeles-Jan-2025/ard/11/031311102031/2025-01-09/10400100A069A700-pan.tif	https://maxar-opendata.s3.amazonaws.com/events/WildFires-LosAngeles-Jan-2025/ard/11/031311102031/2025-01-09/10400100A069A700-data-mask.gpkg
2025-01-09 18:56:29+00:00	WV03	0.38	0.0.1	10400100A069A700	11	031311102023	26.4	289.9	60.8	162.1	31.9	32611	MXRA-Z11-031311102023	348185.8757335442,3779843.75,350156.25,3785156.25	10.4	0.0	0	https://maxar-opendata.s3.amazonaws.com/events/WildFires-LosAngeles-Jan-2025/ard/11/031311102023/2025-01-09/10400100A069A700-visual.tif	https://maxar-opendata.s3.amazonaws.com/events/WildFires-LosAngeles-Jan-2025/ard/11/031311102023/2025-01-09/10400100A069A700-ms.tif	https://maxar-opendata.s3.amazonaws.com/events/WildFires-LosAngeles-Jan-2025/ard/11/031311102023/2025-01-09/10400100A069A700-pan.tif	https://maxar-opendata.s3.amazonaws.com/events/WildFires-LosAngeles-Jan-2025/ard/11/031311102023/2025-01-09/10400100A069A700-data-mask.gpkg
2025-01-09 18:56:29+00:00	WV03	0.38	0.0.1	10400100A069A700	11	031311102032	26.7	289.7	60.4	162.1	31.9	32611	MXRA-Z11-031311102032	349843.75,3779843.75,355156.25,3785156.25	28.2	0.0	0	https://maxar-opendata.s3.amazonaws.com/events/WildFires-LosAngeles-Jan-2025/ard/11/031311102032/2025-01-09/10400100A069A700-visual.tif	https://maxar-opendata.s3.amazonaws.com/events/WildFires-LosAngeles-Jan-2025/ard/11/031311102032/2025-01-09/10400100A069A700-ms.tif	https://maxar-opendata.s3.amazonaws.com/events/WildFires-LosAngeles-Jan-2025/ard/11/031311102032/2025-01-09/10400100A069A700-pan.tif	https://maxar-opendata.s3.amazonaws.com/events/WildFires-LosAngeles-Jan-2025/ard/11/031311102032/2025-01-09/10400100A069A700-data-mask.gpkg
2025-01-09 18:56:29+00:00	WV03	0.38	0.0.1	10400100A069A700	11	031311102033	27.1	289.5	60.0	162.1	31.9	32611	MXRA-Z11-031311102033	354843.75,3779843.75,360156.25,3785156.25	28.2	0.0	0	https://maxar-opendata.s3.amazonaws.com/events/WildFires-LosAngeles-Jan-2025/ard/11/031311102033/2025-01-09/10400100A069A700-visual.tif	https://maxar-opendata.s3.amazonaws.com/events/WildFires-LosAngeles-Jan-2025/ard/11/031311102033/2025-01-09/10400100A069A700-ms.tif	https://maxar-opendata.s3.amazonaws.com/events/WildFires-LosAngeles-Jan-2025/ard/11/031311102033/2025-01-09/10400100A069A700-pan.tif	https://maxar-opendata.s3.amazonaws.com/events/WildFires-LosAngeles-Jan-2025/ard/11/031311102033/2025-01-09/10400100A069A700-data-mask.gpkg
2025-01-09 18:56:29+00:00	WV03	0.38	0.0.1	10400100A069A700	11	031311102201	26.5	289.9	60.7	162.1	31.9	32611	MXRA-Z11-031311102201	348193.71228735516,3774843.75,350156.25,3780156.25	10.4	0.0	0	https://maxar-opendata.s3.amazonaws.com/events/WildFires-LosAngeles-Jan-2025/ard/11/031311102201/2025-01-09/10400100A069A700-visual.tif	https://maxar-opendata.s3.amazonaws.com/events/WildFires-LosAngeles-Jan-2025/ard/11/031311102201/2025-01-09/10400100A069A700-ms.tif	https://maxar-opendata.s3.amazonaws.com/events/WildFires-LosAngeles-Jan-2025/ard/11/031311102201/2025-01-09/10400100A069A700-pan.tif	https://maxar-opendata.s3.amazonaws.com/events/WildFires-LosAngeles-Jan-2025/ard/11/031311102201/2025-01-09/10400100A069A700-data-mask.gpkg
2025-01-09 18:56:29+00:00	WV03	0.38	0.0.1	10400100A069A700	11	031311102210	26.8	289.7	60.3	162.1	31.9	32611	MXRA-Z11-031311102210	349843.75,3774843.75,355156.25,3780156.25	28.2	0.0	0	https://maxar-opendata.s3.amazonaws.com/events/WildFires-LosAngeles-Jan-2025/ard/11/031311102210/2025-01-09/10400100A069A700-visual.tif	https://maxar-opendata.s3.amazonaws.com/events/WildFires-LosAngeles-Jan-2025/ard/11/031311102210/2025-01-09/10400100A069A700-ms.tif	https://maxar-opendata.s3.amazonaws.com/events/WildFires-LosAngeles-Jan-2025/ard/11/031311102210/2025-01-09/10400100A069A700-pan.tif	https://maxar-opendata.s3.amazonaws.com/events/WildFires-LosAngeles-Jan-2025/ard/11/031311102210/2025-01-09/10400100A069A700-data-mask.gpkg
2025-01-09 18:56:29+00:00	WV03	0.38	0.0.1	10400100A069A700	11	031311102211	27.2	289.5	59.9	162.1	31.9	32611	MXRA-Z11-031311102211	354843.75,3774843.75,360156.25,3780156.25	28.2	0.0	0	https://maxar-opendata.s3.amazonaws.com/events/WildFires-LosAngeles-Jan-2025/ard/11/031311102211/2025-01-09/10400100A069A700-visual.tif	https://maxar-opendata.s3.amazonaws.com/events/WildFires-LosAngeles-Jan-2025/ard/11/031311102211/2025-01-09/10400100A069A700-ms.tif	https://maxar-opendata.s3.amazonaws.com/events/WildFires-LosAngeles-Jan-2025/ard/11/031311102211/2025-01-09/10400100A069A700-pan.tif	https://maxar-opendata.s3.amazonaws.com/events/WildFires-LosAngeles-Jan-2025/ard/11/031311102211/2025-01-09/10400100A069A700-data-mask.gpkg
2025-01-09 18:56:30+00:00	WV03	0.38	0.0.1	10400100A069A700	11	031311102203	26.6	289.9	60.6	162.1	32.0	32611	MXRA-Z11-031311102203	348201.5488411661,3769843.75,350156.25,3775156.25	10.3	0.0	0	https://maxar-opendata.s3.amazonaws.com/events/WildFires-LosAngeles-Jan-2025/ard/11/031311102203/2025-01-09/10400100A069A700-visual.tif	https://maxar-opendata.s3.amazonaws.com/events/WildFires-LosAngeles-Jan-2025/ard/11/031311102203/2025-01-09/10400100A069A700-ms.tif	https://maxar-opendata.s3.amazonaws.com/events/WildFires-LosAngeles-Jan-2025/ard/11/031311102203/2025-01-09/10400100A069A700-pan.tif	https://maxar-opendata.s3.amazonaws.com/events/WildFires-LosAngeles-Jan-2025/ard/11/031311102203/2025-01-09/10400100A069A700-data-mask.gpkg
2025-01-09 18:56:42+00:00	WV03	0.39	0.0.1	10400100A20D9300	11	031311120101	28.3	278.0	58.7	162.3	32.2	32611	MXRA-Z11-031311120101	366744.1935240542,3759771.6789575517,367775.5468113079,3760156.25	0.1	0.0	0	https://maxar-opendata.s3.amazonaws.com/events/WildFires-LosAngeles-Jan-2025/ard/11/031311120101/2025-01-09/10400100A20D9300-visual.tif	https://maxar-opendata.s3.amazonaws.com/events/WildFires-LosAngeles-Jan-2025/ard/11/031311120101/2025-01-09/10400100A20D9300-ms.tif	https://maxar-opendata.s3.amazonaws.com/events/WildFires-LosAngeles-Jan-2025/ard/11/031311120101/2025-01-09/10400100A20D9300-pan.tif	https://maxar-opendata.s3.amazonaws.com/events/WildFires-LosAngeles-Jan-2025/ard/11/031311120101/2025-01-09/10400100A20D9300-data-mask.gpkg
2025-01-09 18:56:43+00:00	WV03	0.38	0.0.1	10400100A20D9300	11	031311102322	27.9	276.4	59.1	162.3	32.2	32611	MXRA-Z11-031311102322	359843.75,3760765.5559032424,365156.25,3765156.25	17.9	0.0	0	https://maxar-opendata.s3.amazonaws.com/events/WildFires-LosAngeles-Jan-2025/ard/11/031311102322/2025-01-09/10400100A20D9300-visual.tif	https://maxar-opendata.s3.amazonaws.com/events/WildFires-LosAngeles-Jan-2025/ard/11/031311102322/2025-01-09/10400100A20D9300-ms.tif	https://maxar-opendata.s3.amazonaws.com/events/WildFires-LosAngeles-Jan-2025/ard/11/031311102322/2025-01-09/10400100A20D9300-pan.tif	https://maxar-opendata.s3.amazonaws.com/events/WildFires-LosAngeles-Jan-2025/ard/11/031311102322/2025-01-09/10400100A20D9300-data-mask.gpkg
2025-01-09 18:56:43+00:00	WV03	0.39	0.0.1	10400100A20D9300	11	031311102323	28.3	276.3	58.7	162.3	32.2	32611	MXRA-Z11-031311102323	364843.75,3759843.75,368153.92773116165,3765156.25	15.1	0.0	0	https://maxar-opendata.s3.amazonaws.com/events/WildFires-LosAngeles-Jan-2025/ard/11/031311102323/2025-01-09/10400100A20D9300-visual.tif	https://maxar-opendata.s3.amazonaws.com/events/WildFires-LosAngeles-Jan-2025/ard/11/031311102323/2025-01-09/10400100A20D9300-ms.tif	https://maxar-opendata.s3.amazonaws.com/events/WildFires-LosAngeles-Jan-2025/ard/11/031311102323/2025-01-09/10400100A20D9300-pan.tif	https://maxar-opendata.s3.amazonaws.com/events/WildFires-LosAngeles-Jan-2025/ard/11/031311102323/2025-01-09/10400100A20D9300-data-mask.gpkg
2025-01-09 18:56:44+00:00	WV03	0.39	0.0.1	10400100A20D9300	11	031311102302	28.0	273.1	59.0	162.3	32.1	32611	MXRA-Z11-031311102302	359843.75,3769843.75,365156.25,3775156.25	28.2	0.0	0	https://maxar-opendata.s3.amazonaws.com/events/WildFires-LosAngeles-Jan-2025/ard/11/031311102302/2025-01-09/10400100A20D9300-visual.tif	https://maxar-opendata.s3.amazonaws.com/events/WildFires-LosAngeles-Jan-2025/ard/11/031311102302/2025-01-09/10400100A20D9300-ms.tif	https://maxar-opendata.s3.amazonaws.com/events/WildFires-LosAngeles-Jan-2025/ard/11/031311102302/2025-01-09/10400100A20D9300-pan.tif	https://maxar-opendata.s3.amazonaws.com/events/WildFires-LosAngeles-Jan-2025/ard/11/031311102302/2025-01-09/10400100A20D9300-data-mask.gpkg
2025-01-09 18:56:44+00:00	WV03	0.39	0.0.1	10400100A20D9300	11	031311102303	28.3	273.0	58.6	162.3	32.1	32611	MXRA-Z11-031311102303	364843.75,3769843.75,368910.6895708692,3775156.25	20.5	0.0	0	https://maxar-opendata.s3.amazonaws.com/events/WildFires-LosAngeles-Jan-2025/ard/11/031311102303/2025-01-09/10400100A20D9300-visual.tif	https://maxar-opendata.s3.amazonaws.com/events/WildFires-LosAngeles-Jan-2025/ard/11/031311102303/2025-01-09/10400100A20D9300-ms.tif	https://maxar-opendata.s3.amazonaws.com/events/WildFires-LosAngeles-Jan-2025/ard/11/031311102303/2025-01-09/10400100A20D9300-pan.tif	https://maxar-opendata.s3.amazonaws.com/events/WildFires-LosAngeles-Jan-2025/ard/11/031311102303/2025-01-09/10400100A20D9300-data-mask.gpkg
2025-01-09 18:56:44+00:00	WV03	0.38	0.0.1	10400100A20D9300	11	031311102320	28.0	274.8	59.1	162.3	32.2	32611	MXRA-Z11-031311102320	359843.75,3764843.75,365156.25,3770156.25	28.2	0.0	0	https://maxar-opendata.s3.amazonaws.com/events/WildFires-LosAngeles-Jan-2025/ard/11/031311102320/2025-01-09/10400100A20D9300-visual.tif	https://maxar-opendata.s3.amazonaws.com/events/WildFires-LosAngeles-Jan-2025/ard/11/031311102320/2025-01-09/10400100A20D9300-ms.tif	https://maxar-opendata.s3.amazonaws.com/events/WildFires-LosAngeles-Jan-2025/ard/11/031311102320/2025-01-09/10400100A20D9300-pan.tif	https://maxar-opendata.s3.amazonaws.com/events/WildFires-LosAngeles-Jan-2025/ard/11/031311102320/2025-01-09/10400100A20D9300-data-mask.gpkg
2025-01-09 18:56:44+00:00	WV03	0.39	0.0.1	10400100A20D9300	11	031311102321	28.3	274.7	58.7	162.3	32.1	32611	MXRA-Z11-031311102321	364843.75,3764843.75,368532.3086510154,3770156.25	18.5	0.0	0	https://maxar-opendata.s3.amazonaws.com/events/WildFires-LosAngeles-Jan-2025/ard/11/031311102321/2025-01-09/10400100A20D9300-visual.tif	https://maxar-opendata.s3.amazonaws.com/events/WildFires-LosAngeles-Jan-2025/ard/11/031311102321/2025-01-09/10400100A20D9300-ms.tif	https://maxar-opendata.s3.amazonaws.com/events/WildFires-LosAngeles-Jan-2025/ard/11/031311102321/2025-01-09/10400100A20D9300-pan.tif	https://maxar-opendata.s3.amazonaws.com/events/WildFires-LosAngeles-Jan-2025/ard/11/031311102321/2025-01-09/10400100A20D9300-data-mask.gpkg
2025-01-09 18:56:45+00:00	WV03	0.39	0.0.1	10400100A20D9300	11	031311102300	28.1	271.4	58.9	162.3	32.0	32611	MXRA-Z11-031311102300	359843.75,3774843.75,365156.25,3780156.25	28.2	0.0	0	https://maxar-opendata.s3.amazonaws.com/events/WildFires-LosAngeles-Jan-2025/ard/11/031311102300/2025-01-09/10400100A20D9300-visual.tif	https://maxar-opendata.s3.amazonaws.com/events/WildFires-LosAngeles-Jan-2025/ard/11/031311102300/2025-01-09/10400100A20D9300-ms.tif	https://maxar-opendata.s3.amazonaws.com/events/WildFires-LosAngeles-Jan-2025/ard/11/031311102300/2025-01-09/10400100A20D9300-pan.tif	https://maxar-opendata.s3.amazonaws.com/events/WildFires-LosAngeles-Jan-2025/ard/11/031311102300/2025-01-09/10400100A20D9300-data-mask.gpkg
2025-01-09 18:56:45+00:00	WV03	0.39	0.0.1	10400100A20D9300	11	031311102301	28.4	271.4	58.6	162.3	32.0	32611	MXRA-Z11-031311102301	364843.75,3774843.75,369289.07049072295,3780156.25	22.5	0.0	0	https://maxar-opendata.s3.amazonaws.com/events/WildFires-LosAngeles-Jan-2025/ard/11/031311102301/2025-01-09/10400100A20D9300-visual.tif	https://maxar-opendata.s3.amazonaws.com/events/WildFires-LosAngeles-Jan-2025/ard/11/031311102301/2025-01-09/10400100A20D9300-ms.tif	https://maxar-opendata.s3.amazonaws.com/events/WildFires-LosAngeles-Jan-2025/ard/11/031311102301/2025-01-09/10400100A20D9300-pan.tif	https://maxar-opendata.s3.amazonaws.com/events/WildFires-LosAngeles-Jan-2025/ard/11/031311102301/2025-01-09/10400100A20D9300-data-mask.gpkg
2025-01-09 18:56:46+00:00	WV03	0.39	0.0.1	10400100A20D9300	11	031311102120	28.2	268.1	58.8	162.3	31.9	32611	MXRA-Z11-031311102120	359843.75,3784843.75,365156.25,3790156.25	28.2	0.0	0	https://maxar-opendata.s3.amazonaws.com/events/WildFires-LosAngeles-Jan-2025/ard/11/031311102120/2025-01-09/10400100A20D9300-visual.tif	https://maxar-opendata.s3.amazonaws.com/events/WildFires-LosAngeles-Jan-2025/ard/11/031311102120/2025-01-09/10400100A20D9300-ms.tif	https://maxar-opendata.s3.amazonaws.com/events/WildFires-LosAngeles-Jan-2025/ard/11/031311102120/2025-01-09/10400100A20D9300-pan.tif	https://maxar-opendata.s3.amazonaws.com/events/WildFires-LosAngeles-Jan-2025/ard/11/031311102120/2025-01-09/10400100A20D9300-data-mask.gpkg
2025-01-09 18:56:46+00:00	WV03	0.39	0.0.1	10400100A20D9300	11	031311102121	28.6	268.1	58.4	162.3	31.9	32611	MXRA-Z11-031311102121	364843.75,3784843.75,370045.8323304305,3790156.25	26.5	0.0	0	https://maxar-opendata.s3.amazonaws.com/events/WildFires-LosAngeles-Jan-2025/ard/11/031311102121/2025-01-09/10400100A20D9300-visual.tif	https://maxar-opendata.s3.amazonaws.com/events/WildFires-LosAngeles-Jan-2025/ard/11/031311102121/2025-01-09/10400100A20D9300-ms.tif	https://maxar-opendata.s3.amazonaws.com/events/WildFires-LosAngeles-Jan-2025/ard/11/031311102121/2025-01-09/10400100A20D9300-pan.tif	https://maxar-opendata.s3.amazonaws.com/events/WildFires-LosAngeles-Jan-2025/ard/11/031311102121/2025-01-09/10400100A20D9300-data-mask.gpkg
2025-01-09 18:56:46+00:00	WV03	0.39	0.0.1	10400100A20D9300	11	031311102122	28.1	269.7	58.9	162.3	32.0	32611	MXRA-Z11-031311102122	359843.75,3779843.75,365156.25,3785156.25	28.2	0.0	0	https://maxar-opendata.s3.amazonaws.com/events/WildFires-LosAngeles-Jan-2025/ard/11/031311102122/2025-01-09/10400100A20D9300-visual.tif	https://maxar-opendata.s3.amazonaws.com/events/WildFires-LosAngeles-Jan-2025/ard/11/031311102122/2025-01-09/10400100A20D9300-ms.tif	https://maxar-opendata.s3.amazonaws.com/events/WildFires-LosAngeles-Jan-2025/ard/11/031311102122/2025-01-09/10400100A20D9300-pan.tif	https://maxar-opendata.s3.amazonaws.com/events/WildFires-LosAngeles-Jan-2025/ard/11/031311102122/2025-01-09/10400100A20D9300-data-mask.gpkg
2025-01-09 18:56:46+00:00	WV03	0.39	0.0.1	10400100A20D9300	11	031311102123	28.5	269.8	58.5	162.3	32.0	32611	MXRA-Z11-031311102123	364843.75,3779843.75,369667.4514105767,3785156.25	24.5	0.0	0	https://maxar-opendata.s3.amazonaws.com/events/WildFires-LosAngeles-Jan-2025/ard/11/031311102123/2025-01-09/10400100A20D9300-visual.tif	https://maxar-opendata.s3.amazonaws.com/events/WildFires-LosAngeles-Jan-2025/ard/11/031311102123/2025-01-09/10400100A20D9300-ms.tif	https://maxar-opendata.s3.amazonaws.com/events/WildFires-LosAngeles-Jan-2025/ard/11/031311102123/2025-01-09/10400100A20D9300-pan.tif	https://maxar-opendata.s3.amazonaws.com/events/WildFires-LosAngeles-Jan-2025/ard/11/031311102123/2025-01-09/10400100A20D9300-data-mask.gpkg
2025-01-09 18:56:47+00:00	WV03	0.39	0.0.1	10400100A20D9300	11	031311102102	28.3	266.4	58.6	162.3	31.9	32611	MXRA-Z11-031311102102	359843.75,3789843.75,365156.25,3795156.25	28.2	0.0	0	https://maxar-opendata.s3.amazonaws.com/events/WildFires-LosAngeles-Jan-2025/ard/11/031311102102/2025-01-09/10400100A20D9300-visual.tif	https://maxar-opendata.s3.amazonaws.com/events/WildFires-LosAngeles-Jan-2025/ard/11/031311102102/2025-01-09/10400100A20D9300-ms.tif	https://maxar-opendata.s3.amazonaws.com/events/WildFires-LosAngeles-Jan-2025/ard/11/031311102102/2025-01-09/10400100A20D9300-pan.tif	https://maxar-opendata.s3.amazonaws.com/events/WildFires-LosAngeles-Jan-2025/ard/11/031311102102/2025-01-09/10400100A20D9300-data-mask.gpkg
2025-01-09 18:56:47+00:00	WV03	0.39	0.0.1	10400100A20D9300	11	031311102103	28.7	266.5	58.2	162.3	31.9	32611	MXRA-Z11-031311102103	364843.75,3789843.75,370156.25,3795156.25	28.1	0.0	0	https://maxar-opendata.s3.amazonaws.com/events/WildFires-LosAngeles-Jan-2025/ard/11/031311102103/2025-01-09/10400100A20D9300-visual.tif	https://maxar-opendata.s3.amazonaws.com/events/WildFires-LosAngeles-Jan-2025/ard/11/031311102103/2025-01-09/10400100A20D9300-ms.tif	https://maxar-opendata.s3.amazonaws.com/events/WildFires-LosAngeles-Jan-2025/ard/11/031311102103/2025-01-09/10400100A20D9300-pan.tif	https://maxar-opendata.s3.amazonaws.com/events/WildFires-LosAngeles-Jan-2025/ard/11/031311102103/2025-01-09/10400100A20D9300-data-mask.gpkg
2025-01-09 18:56:48+00:00	WV03	0.39	0.0.1	10400100A20D9300	11	031311102100	28.5	264.8	58.5	162.4	31.8	32611	MXRA-Z11-031311102100	359843.75,3794843.75,365156.25,3800156.25	28.2	0.0	0	https://maxar-opendata.s3.amazonaws.com/events/WildFires-LosAngeles-Jan-2025/ard/11/031311102100/2025-01-09/10400100A20D9300-visual.tif	https://maxar-opendata.s3.amazonaws.com/events/WildFires-LosAngeles-Jan-2025/ard/11/031311102100/2025-01-09/10400100A20D9300-ms.tif	https://maxar-opendata.s3.amazonaws.com/events/WildFires-LosAngeles-Jan-2025/ard/11/031311102100/2025-01-09/10400100A20D9300-pan.tif	https://maxar-opendata.s3.amazonaws.com/events/WildFires-LosAngeles-Jan-2025/ard/11/031311102100/2025-01-09/10400100A20D9300-data-mask.gpkg
2025-01-09 18:56:48+00:00	WV03	0.39	0.0.1	10400100A20D9300	11	031311102101	28.8	264.9	58.1	162.4	31.8	32611	MXRA-Z11-031311102101	364843.75,3794843.75,370156.25,3800156.25	28.2	0.0	0	https://maxar-opendata.s3.amazonaws.com/events/WildFires-LosAngeles-Jan-2025/ard/11/031311102101/2025-01-09/10400100A20D9300-visual.tif	https://maxar-opendata.s3.amazonaws.com/events/WildFires-LosAngeles-Jan-2025/ard/11/031311102101/2025-01-09/10400100A20D9300-ms.tif	https://maxar-opendata.s3.amazonaws.com/events/WildFires-LosAngeles-Jan-2025/ard/11/031311102101/2025-01-09/10400100A20D9300-pan.tif	https://maxar-opendata.s3.amazonaws.com/events/WildFires-LosAngeles-Jan-2025/ard/11/031311102101/2025-01-09/10400100A20D9300-data-mask.gpkg
2025-01-09 18:56:49+00:00	WV03	0.39	0.0.1	10400100A20D9300	11	031311100320	28.8	261.7	58.1	162.4	31.7	32611	MXRA-Z11-031311100320	359843.75,3804843.75,364132.36685032706,3805116.954422366	0.5	0.0	0	https://maxar-opendata.s3.amazonaws.com/events/WildFires-LosAngeles-Jan-2025/ard/11/031311100320/2025-01-09/10400100A20D9300-visual.tif	https://maxar-opendata.s3.amazonaws.com/events/WildFires-LosAngeles-Jan-2025/ard/11/031311100320/2025-01-09/10400100A20D9300-ms.tif	https://maxar-opendata.s3.amazonaws.com/events/WildFires-LosAngeles-Jan-2025/ard/11/031311100320/2025-01-09/10400100A20D9300-pan.tif	https://maxar-opendata.s3.amazonaws.com/events/WildFires-LosAngeles-Jan-2025/ard/11/031311100320/2025-01-09/10400100A20D9300-data-mask.gpkg
2025-01-09 18:56:49+00:00	WV03	0.39	0.0.1	10400100A20D9300	11	031311100322	28.6	263.2	58.3	162.4	31.8	32611	MXRA-Z11-031311100322	359843.75,3799843.75,365156.25,3805116.954422366	27.1	0.0	0	https://maxar-opendata.s3.amazonaws.com/events/WildFires-LosAngeles-Jan-2025/ard/11/031311100322/2025-01-09/10400100A20D9300-visual.tif	https://maxar-opendata.s3.amazonaws.com/events/WildFires-LosAngeles-Jan-2025/ard/11/031311100322/2025-01-09/10400100A20D9300-ms.tif	https://maxar-opendata.s3.amazonaws.com/events/WildFires-LosAngeles-Jan-2025/ard/11/031311100322/2025-01-09/10400100A20D9300-pan.tif	https://maxar-opendata.s3.amazonaws.com/events/WildFires-LosAngeles-Jan-2025/ard/11/031311100322/2025-01-09/10400100A20D9300-data-mask.gpkg
2025-01-09 18:56:49+00:00	WV03	0.39	0.0.1	10400100A20D9300	11	031311100323	29.0	263.4	57.9	162.4	31.8	32611	MXRA-Z11-031311100323	364843.75,3799843.75,370156.25,3804798.4316539527	25.4	0.0	0	https://maxar-opendata.s3.amazonaws.com/events/WildFires-LosAngeles-Jan-2025/ard/11/031311100323/2025-01-09/10400100A20D9300-visual.tif	https://maxar-opendata.s3.amazonaws.com/events/WildFires-LosAngeles-Jan-2025/ard/11/031311100323/2025-01-09/10400100A20D9300-ms.tif	https://maxar-opendata.s3.amazonaws.com/events/WildFires-LosAngeles-Jan-2025/ard/11/031311100323/2025-01-09/10400100A20D9300-pan.tif	https://maxar-opendata.s3.amazonaws.com/events/WildFires-LosAngeles-Jan-2025/ard/11/031311100323/2025-01-09/10400100A20D9300-data-mask.gpkg
2025-01-10 18:35:08+00:00	GE01	0.42	0.0.1	1050010040277300	11	031311103033	7.5	59.1	81.7	157.0	30.6	32611	MXRA-Z11-031311103033	394843.75,3779843.75,400156.25,3785156.25	28.2	0.0	0	https://maxar-opendata.s3.amazonaws.com/events/WildFires-LosAngeles-Jan-2025/ard/11/031311103033/2025-01-10/1050010040277300-visual.tif	https://maxar-opendata.s3.amazonaws.com/events/WildFires-LosAngeles-Jan-2025/ard/11/031311103033/2025-01-10/1050010040277300-ms.tif	https://maxar-opendata.s3.amazonaws.com/events/WildFires-LosAngeles-Jan-2025/ard/11/031311103033/2025-01-10/1050010040277300-pan.tif	https://maxar-opendata.s3.amazonaws.com/events/WildFires-LosAngeles-Jan-2025/ard/11/031311103033/2025-01-10/1050010040277300-data-mask.gpkg
2025-01-10 18:35:08+00:00	GE01	0.42	0.0.1	1050010040277300	11	031311103122	7.1	57.4	82.1	157.0	30.6	32611	MXRA-Z11-031311103122	399843.75,3779843.75,404581.0106962208,3785156.25	25.0	0.0	0	https://maxar-opendata.s3.amazonaws.com/events/WildFires-LosAngeles-Jan-2025/ard/11/031311103122/2025-01-10/1050010040277300-visual.tif	https://maxar-opendata.s3.amazonaws.com/events/WildFires-LosAngeles-Jan-2025/ard/11/031311103122/2025-01-10/1050010040277300-ms.tif	https://maxar-opendata.s3.amazonaws.com/events/WildFires-LosAngeles-Jan-2025/ard/11/031311103122/2025-01-10/1050010040277300-pan.tif	https://maxar-opendata.s3.amazonaws.com/events/WildFires-LosAngeles-Jan-2025/ard/11/031311103122/2025-01-10/1050010040277300-data-mask.gpkg
2025-01-10 18:35:39+00:00	GE01	0.44	0.0.1	1050010040277400	11	031311102001	15.8	155.2	72.4	156.5	30.4	32611	MXRA-Z11-031311102001	348162.3660721114,3794843.75,349356.99462890625,3800156.25	6.0	0.0	0	https://maxar-opendata.s3.amazonaws.com/events/WildFires-LosAngeles-Jan-2025/ard/11/031311102001/2025-01-10/1050010040277400-visual.tif	https://maxar-opendata.s3.amazonaws.com/events/WildFires-LosAngeles-Jan-2025/ard/11/031311102001/2025-01-10/1050010040277400-ms.tif	https://maxar-opendata.s3.amazonaws.com/events/WildFires-LosAngeles-Jan-2025/ard/11/031311102001/2025-01-10/1050010040277400-pan.tif	https://maxar-opendata.s3.amazonaws.com/events/WildFires-LosAngeles-Jan-2025/ard/11/031311102001/2025-01-10/1050010040277400-data-mask.gpkg
2025-01-10 18:35:41+00:00	GE01	0.44	0.0.1	1050010040277400	11	031311100223	16.7	157.1	71.5	156.5	30.3	32611	MXRA-Z11-031311100223	348154.5295183005,3799843.75,349481.8115234375,3805156.25	6.7	0.0	0	https://maxar-opendata.s3.amazonaws.com/events/WildFires-LosAngeles-Jan-2025/ard/11/031311100223/2025-01-10/1050010040277400-visual.tif	https://maxar-opendata.s3.amazonaws.com/events/WildFires-LosAngeles-Jan-2025/ard/11/031311100223/2025-01-10/1050010040277400-ms.tif	https://maxar-opendata.s3.amazonaws.com/events/WildFires-LosAngeles-Jan-2025/ard/11/031311100223/2025-01-10/1050010040277400-pan.tif	https://maxar-opendata.s3.amazonaws.com/events/WildFires-LosAngeles-Jan-2025/ard/11/031311100223/2025-01-10/1050010040277400-data-mask.gpkg
2025-01-10 18:36:01+00:00	GE01	0.47	0.0.1	1050010040277500	11	031311102322	22.6	173.0	64.9	156.7	30.7	32611	MXRA-Z11-031311102322	359843.75,3763670.9962863675,362103.1980931378,3765156.25	3.3	0.0	0	https://maxar-opendata.s3.amazonaws.com/events/WildFires-LosAngeles-Jan-2025/ard/11/031311102322/2025-01-10/1050010040277500-visual.tif	https://maxar-opendata.s3.amazonaws.com/events/WildFires-LosAngeles-Jan-2025/ard/11/031311102322/2025-01-10/1050010040277500-ms.tif	https://maxar-opendata.s3.amazonaws.com/events/WildFires-LosAngeles-Jan-2025/ard/11/031311102322/2025-01-10/1050010040277500-pan.tif	https://maxar-opendata.s3.amazonaws.com/events/WildFires-LosAngeles-Jan-2025/ard/11/031311102322/2025-01-10/1050010040277500-data-mask.gpkg
2025-01-10 18:36:02+00:00	GE01	0.48	0.0.1	1050010040277500	11	031311102230	23.4	171.8	63.9	156.7	30.6	32611	MXRA-Z11-031311102230	352382.434780372,3764843.75,355156.25,3770156.25	14.5	6.3	43	https://maxar-opendata.s3.amazonaws.com/events/WildFires-LosAngeles-Jan-2025/ard/11/031311102230/2025-01-10/1050010040277500-visual.tif	https://maxar-opendata.s3.amazonaws.com/events/WildFires-LosAngeles-Jan-2025/ard/11/031311102230/2025-01-10/1050010040277500-ms.tif	https://maxar-opendata.s3.amazonaws.com/events/WildFires-LosAngeles-Jan-2025/ard/11/031311102230/2025-01-10/1050010040277500-pan.tif	https://maxar-opendata.s3.amazonaws.com/events/WildFires-LosAngeles-Jan-2025/ard/11/031311102230/2025-01-10/1050010040277500-data-mask.gpkg
2025-01-10 18:36:02+00:00	GE01	0.48	0.0.1	1050010040277500	11	031311102231	23.4	172.8	64.0	156.7	30.6	32611	MXRA-Z11-031311102231	354843.75,3764843.75,360156.25,3770156.25	28.2	8.3	29	https://maxar-opendata.s3.amazonaws.com/events/WildFires-LosAngeles-Jan-2025/ard/11/031311102231/2025-01-10/1050010040277500-visual.tif	https://maxar-opendata.s3.amazonaws.com/events/WildFires-LosAngeles-Jan-2025/ard/11/031311102231/2025-01-10/1050010040277500-ms.tif	https://maxar-opendata.s3.amazonaws.com/events/WildFires-LosAngeles-Jan-2025/ard/11/031311102231/2025-01-10/1050010040277500-pan.tif	https://maxar-opendata.s3.amazonaws.com/events/WildFires-LosAngeles-Jan-2025/ard/11/031311102231/2025-01-10/1050010040277500-data-mask.gpkg
2025-01-10 18:36:02+00:00	GE01	0.48	0.0.1	1050010040277500	11	031311102320	23.3	173.6	64.0	156.7	30.6	32611	MXRA-Z11-031311102320	359843.75,3764843.75,362176.1731418257,3770156.25	12.1	0.0	0	https://maxar-opendata.s3.amazonaws.com/events/WildFires-LosAngeles-Jan-2025/ard/11/031311102320/2025-01-10/1050010040277500-visual.tif	https://maxar-opendata.s3.amazonaws.com/events/WildFires-LosAngeles-Jan-2025/ard/11/031311102320/2025-01-10/1050010040277500-ms.tif	https://maxar-opendata.s3.amazonaws.com/events/WildFires-LosAngeles-Jan-2025/ard/11/031311102320/2025-01-10/1050010040277500-pan.tif	https://maxar-opendata.s3.amazonaws.com/events/WildFires-LosAngeles-Jan-2025/ard/11/031311102320/2025-01-10/1050010040277500-data-mask.gpkg
2025-01-10 18:36:03+00:00	GE01	0.48	0.0.1	1050010040277500	11	031311102212	24.2	172.3	63.0	156.7	30.6	32611	MXRA-Z11-031311102212	352460.5523839975,3769843.75,355156.25,3771992.8436500863	5.7	0.1	2	https://maxar-opendata.s3.amazonaws.com/events/WildFires-LosAngeles-Jan-2025/ard/11/031311102212/2025-01-10/1050010040277500-visual.tif	https://maxar-opendata.s3.amazonaws.com/events/WildFires-LosAngeles-Jan-2025/ard/11/031311102212/2025-01-10/1050010040277500-ms.tif	https://maxar-opendata.s3.amazonaws.com/events/WildFires-LosAngeles-Jan-2025/ard/11/031311102212/2025-01-10/1050010040277500-pan.tif	https://maxar-opendata.s3.amazonaws.com/events/WildFires-LosAngeles-Jan-2025/ard/11/031311102212/2025-01-10/1050010040277500-data-mask.gpkg
2025-01-10 18:36:03+00:00	GE01	0.48	0.0.1	1050010040277500	11	031311102213	24.2	173.3	63.1	156.7	30.6	32611	MXRA-Z11-031311102213	354843.75,3769843.75,360156.25,3771957.308814358	11.0	0.0	0	https://maxar-opendata.s3.amazonaws.com/events/WildFires-LosAngeles-Jan-2025/ard/11/031311102213/2025-01-10/1050010040277500-visual.tif	https://maxar-opendata.s3.amazonaws.com/events/WildFires-LosAngeles-Jan-2025/ard/11/031311102213/2025-01-10/1050010040277500-ms.tif	https://maxar-opendata.s3.amazonaws.com/events/WildFires-LosAngeles-Jan-2025/ard/11/031311102213/2025-01-10/1050010040277500-pan.tif	https://maxar-opendata.s3.amazonaws.com/events/WildFires-LosAngeles-Jan-2025/ard/11/031311102213/2025-01-10/1050010040277500-data-mask.gpkg
2025-01-10 18:36:03+00:00	GE01	0.48	0.0.1	1050010040277500	11	031311102302	24.1	174.1	63.1	156.7	30.6	32611	MXRA-Z11-031311102302	359843.75,3769843.75,362200.83568516315,3771881.6905920985	4.7	0.0	0	https://maxar-opendata.s3.amazonaws.com/events/WildFires-LosAngeles-Jan-2025/ard/11/031311102302/2025-01-10/1050010040277500-visual.tif	https://maxar-opendata.s3.amazonaws.com/events/WildFires-LosAngeles-Jan-2025/ard/11/031311102302/2025-01-10/1050010040277500-ms.tif	https://maxar-opendata.s3.amazonaws.com/events/WildFires-LosAngeles-Jan-2025/ard/11/031311102302/2025-01-10/1050010040277500-pan.tif	https://maxar-opendata.s3.amazonaws.com/events/WildFires-LosAngeles-Jan-2025/ard/11/031311102302/2025-01-10/1050010040277500-data-mask.gpkg
